,fold,kinship,image1,image2,kinship_type
0,1,1,father-dau/fd_024_1.jpg,father-dau/fd_024_2.jpg,father-dau
1,1,1,father-dau/fd_092_1.jpg,father-dau/fd_092_2.jpg,father-dau
2,1,1,father-dau/fd_124_1.jpg,father-dau/fd_124_2.jpg,father-dau
3,1,1,father-dau/fd_031_1.jpg,father-dau/fd_031_2.jpg,father-dau
4,1,1,father-dau/fd_008_1.jpg,father-dau/fd_008_2.jpg,father-dau
5,1,1,father-dau/fd_042_1.jpg,father-dau/fd_042_2.jpg,father-dau
6,1,1,father-dau/fd_120_1.jpg,father-dau/fd_120_2.jpg,father-dau
7,1,1,father-dau/fd_021_1.jpg,father-dau/fd_021_2.jpg,father-dau
8,1,1,father-dau/fd_118_1.jpg,father-dau/fd_118_2.jpg,father-dau
9,1,1,father-dau/fd_099_1.jpg,father-dau/fd_099_2.jpg,father-dau
10,1,1,father-dau/fd_091_1.jpg,father-dau/fd_091_2.jpg,father-dau
11,1,1,father-dau/fd_025_1.jpg,father-dau/fd_025_2.jpg,father-dau
12,1,1,father-dau/fd_055_1.jpg,father-dau/fd_055_2.jpg,father-dau
13,1,1,father-dau/fd_085_1.jpg,father-dau/fd_085_2.jpg,father-dau
14,1,1,father-dau/fd_015_1.jpg,father-dau/fd_015_2.jpg,father-dau
15,1,1,father-dau/fd_050_1.jpg,father-dau/fd_050_2.jpg,father-dau
16,1,1,father-dau/fd_051_1.jpg,father-dau/fd_051_2.jpg,father-dau
17,1,1,father-dau/fd_027_1.jpg,father-dau/fd_027_2.jpg,father-dau
18,1,1,father-dau/fd_030_1.jpg,father-dau/fd_030_2.jpg,father-dau
19,1,1,father-dau/fd_094_1.jpg,father-dau/fd_094_2.jpg,father-dau
20,1,1,father-dau/fd_039_1.jpg,father-dau/fd_039_2.jpg,father-dau
21,1,1,father-dau/fd_026_1.jpg,father-dau/fd_026_2.jpg,father-dau
22,1,1,father-dau/fd_111_1.jpg,father-dau/fd_111_2.jpg,father-dau
23,1,1,father-dau/fd_131_1.jpg,father-dau/fd_131_2.jpg,father-dau
24,1,1,father-dau/fd_106_1.jpg,father-dau/fd_106_2.jpg,father-dau
25,1,1,father-dau/fd_002_1.jpg,father-dau/fd_002_2.jpg,father-dau
26,1,1,father-dau/fd_088_1.jpg,father-dau/fd_088_2.jpg,father-dau
27,1,0,father-dau/fd_094_1.jpg,father-dau/fd_025_2.jpg,father-dau
28,1,0,father-dau/fd_039_1.jpg,father-dau/fd_021_2.jpg,father-dau
29,1,0,father-dau/fd_025_1.jpg,father-dau/fd_002_2.jpg,father-dau
30,1,0,father-dau/fd_030_1.jpg,father-dau/fd_042_2.jpg,father-dau
31,1,0,father-dau/fd_111_1.jpg,father-dau/fd_051_2.jpg,father-dau
32,1,0,father-dau/fd_091_1.jpg,father-dau/fd_050_2.jpg,father-dau
33,1,0,father-dau/fd_055_1.jpg,father-dau/fd_092_2.jpg,father-dau
34,1,0,father-dau/fd_024_1.jpg,father-dau/fd_118_2.jpg,father-dau
35,1,0,father-dau/fd_024_1.jpg,father-dau/fd_091_2.jpg,father-dau
36,1,0,father-dau/fd_030_1.jpg,father-dau/fd_124_2.jpg,father-dau
37,1,0,father-dau/fd_024_1.jpg,father-dau/fd_051_2.jpg,father-dau
38,1,0,father-dau/fd_051_1.jpg,father-dau/fd_024_2.jpg,father-dau
39,1,0,father-dau/fd_024_1.jpg,father-dau/fd_042_2.jpg,father-dau
40,1,0,father-dau/fd_050_1.jpg,father-dau/fd_092_2.jpg,father-dau
41,1,0,father-dau/fd_099_1.jpg,father-dau/fd_027_2.jpg,father-dau
42,1,0,father-dau/fd_124_1.jpg,father-dau/fd_055_2.jpg,father-dau
43,1,0,father-dau/fd_008_1.jpg,father-dau/fd_030_2.jpg,father-dau
44,1,0,father-dau/fd_031_1.jpg,father-dau/fd_055_2.jpg,father-dau
45,1,0,father-dau/fd_094_1.jpg,father-dau/fd_106_2.jpg,father-dau
46,1,0,father-dau/fd_131_1.jpg,father-dau/fd_120_2.jpg,father-dau
47,1,0,father-dau/fd_026_1.jpg,father-dau/fd_106_2.jpg,father-dau
48,1,0,father-dau/fd_027_1.jpg,father-dau/fd_042_2.jpg,father-dau
49,1,0,father-dau/fd_111_1.jpg,father-dau/fd_008_2.jpg,father-dau
50,1,0,father-dau/fd_008_1.jpg,father-dau/fd_088_2.jpg,father-dau
51,1,0,father-dau/fd_091_1.jpg,father-dau/fd_050_2.jpg,father-dau
52,1,0,father-dau/fd_055_1.jpg,father-dau/fd_131_2.jpg,father-dau
53,1,0,father-dau/fd_002_1.jpg,father-dau/fd_021_2.jpg,father-dau
54,2,1,father-dau/fd_087_1.jpg,father-dau/fd_087_2.jpg,father-dau
55,2,1,father-dau/fd_029_1.jpg,father-dau/fd_029_2.jpg,father-dau
56,2,1,father-dau/fd_097_1.jpg,father-dau/fd_097_2.jpg,father-dau
57,2,1,father-dau/fd_068_1.jpg,father-dau/fd_068_2.jpg,father-dau
58,2,1,father-dau/fd_095_1.jpg,father-dau/fd_095_2.jpg,father-dau
59,2,1,father-dau/fd_053_1.jpg,father-dau/fd_053_2.jpg,father-dau
60,2,1,father-dau/fd_049_1.jpg,father-dau/fd_049_2.jpg,father-dau
61,2,1,father-dau/fd_122_1.jpg,father-dau/fd_122_2.jpg,father-dau
62,2,1,father-dau/fd_072_1.jpg,father-dau/fd_072_2.jpg,father-dau
63,2,1,father-dau/fd_133_1.jpg,father-dau/fd_133_2.jpg,father-dau
64,2,1,father-dau/fd_104_1.jpg,father-dau/fd_104_2.jpg,father-dau
65,2,1,father-dau/fd_069_1.jpg,father-dau/fd_069_2.jpg,father-dau
66,2,1,father-dau/fd_067_1.jpg,father-dau/fd_067_2.jpg,father-dau
67,2,1,father-dau/fd_022_1.jpg,father-dau/fd_022_2.jpg,father-dau
68,2,1,father-dau/fd_075_1.jpg,father-dau/fd_075_2.jpg,father-dau
69,2,1,father-dau/fd_057_1.jpg,father-dau/fd_057_2.jpg,father-dau
70,2,1,father-dau/fd_044_1.jpg,father-dau/fd_044_2.jpg,father-dau
71,2,1,father-dau/fd_112_1.jpg,father-dau/fd_112_2.jpg,father-dau
72,2,1,father-dau/fd_016_1.jpg,father-dau/fd_016_2.jpg,father-dau
73,2,1,father-dau/fd_019_1.jpg,father-dau/fd_019_2.jpg,father-dau
74,2,1,father-dau/fd_121_1.jpg,father-dau/fd_121_2.jpg,father-dau
75,2,1,father-dau/fd_036_1.jpg,father-dau/fd_036_2.jpg,father-dau
76,2,1,father-dau/fd_102_1.jpg,father-dau/fd_102_2.jpg,father-dau
77,2,1,father-dau/fd_048_1.jpg,father-dau/fd_048_2.jpg,father-dau
78,2,1,father-dau/fd_105_1.jpg,father-dau/fd_105_2.jpg,father-dau
79,2,1,father-dau/fd_129_1.jpg,father-dau/fd_129_2.jpg,father-dau
80,2,1,father-dau/fd_010_1.jpg,father-dau/fd_010_2.jpg,father-dau
81,2,0,father-dau/fd_095_1.jpg,father-dau/fd_048_2.jpg,father-dau
82,2,0,father-dau/fd_049_1.jpg,father-dau/fd_112_2.jpg,father-dau
83,2,0,father-dau/fd_010_1.jpg,father-dau/fd_112_2.jpg,father-dau
84,2,0,father-dau/fd_048_1.jpg,father-dau/fd_087_2.jpg,father-dau
85,2,0,father-dau/fd_068_1.jpg,father-dau/fd_102_2.jpg,father-dau
86,2,0,father-dau/fd_069_1.jpg,father-dau/fd_105_2.jpg,father-dau
87,2,0,father-dau/fd_133_1.jpg,father-dau/fd_095_2.jpg,father-dau
88,2,0,father-dau/fd_069_1.jpg,father-dau/fd_048_2.jpg,father-dau
89,2,0,father-dau/fd_022_1.jpg,father-dau/fd_102_2.jpg,father-dau
90,2,0,father-dau/fd_105_1.jpg,father-dau/fd_087_2.jpg,father-dau
91,2,0,father-dau/fd_072_1.jpg,father-dau/fd_029_2.jpg,father-dau
92,2,0,father-dau/fd_010_1.jpg,father-dau/fd_075_2.jpg,father-dau
93,2,0,father-dau/fd_104_1.jpg,father-dau/fd_053_2.jpg,father-dau
94,2,0,father-dau/fd_044_1.jpg,father-dau/fd_019_2.jpg,father-dau
95,2,0,father-dau/fd_104_1.jpg,father-dau/fd_087_2.jpg,father-dau
96,2,0,father-dau/fd_069_1.jpg,father-dau/fd_121_2.jpg,father-dau
97,2,0,father-dau/fd_036_1.jpg,father-dau/fd_105_2.jpg,father-dau
98,2,0,father-dau/fd_102_1.jpg,father-dau/fd_133_2.jpg,father-dau
99,2,0,father-dau/fd_044_1.jpg,father-dau/fd_019_2.jpg,father-dau
100,2,0,father-dau/fd_053_1.jpg,father-dau/fd_105_2.jpg,father-dau
101,2,0,father-dau/fd_049_1.jpg,father-dau/fd_075_2.jpg,father-dau
102,2,0,father-dau/fd_129_1.jpg,father-dau/fd_133_2.jpg,father-dau
103,2,0,father-dau/fd_112_1.jpg,father-dau/fd_104_2.jpg,father-dau
104,2,0,father-dau/fd_112_1.jpg,father-dau/fd_102_2.jpg,father-dau
105,2,0,father-dau/fd_019_1.jpg,father-dau/fd_022_2.jpg,father-dau
106,2,0,father-dau/fd_121_1.jpg,father-dau/fd_022_2.jpg,father-dau
107,2,0,father-dau/fd_053_1.jpg,father-dau/fd_016_2.jpg,father-dau
108,3,1,father-dau/fd_078_1.jpg,father-dau/fd_078_2.jpg,father-dau
109,3,1,father-dau/fd_033_1.jpg,father-dau/fd_033_2.jpg,father-dau
110,3,1,father-dau/fd_007_1.jpg,father-dau/fd_007_2.jpg,father-dau
111,3,1,father-dau/fd_115_1.jpg,father-dau/fd_115_2.jpg,father-dau
112,3,1,father-dau/fd_035_1.jpg,father-dau/fd_035_2.jpg,father-dau
113,3,1,father-dau/fd_098_1.jpg,father-dau/fd_098_2.jpg,father-dau
114,3,1,father-dau/fd_004_1.jpg,father-dau/fd_004_2.jpg,father-dau
115,3,1,father-dau/fd_061_1.jpg,father-dau/fd_061_2.jpg,father-dau
116,3,1,father-dau/fd_130_1.jpg,father-dau/fd_130_2.jpg,father-dau
117,3,1,father-dau/fd_046_1.jpg,father-dau/fd_046_2.jpg,father-dau
118,3,1,father-dau/fd_103_1.jpg,father-dau/fd_103_2.jpg,father-dau
119,3,1,father-dau/fd_083_1.jpg,father-dau/fd_083_2.jpg,father-dau
120,3,1,father-dau/fd_038_1.jpg,father-dau/fd_038_2.jpg,father-dau
121,3,1,father-dau/fd_109_1.jpg,father-dau/fd_109_2.jpg,father-dau
122,3,1,father-dau/fd_070_1.jpg,father-dau/fd_070_2.jpg,father-dau
123,3,1,father-dau/fd_054_1.jpg,father-dau/fd_054_2.jpg,father-dau
124,3,1,father-dau/fd_077_1.jpg,father-dau/fd_077_2.jpg,father-dau
125,3,1,father-dau/fd_116_1.jpg,father-dau/fd_116_2.jpg,father-dau
126,3,1,father-dau/fd_074_1.jpg,father-dau/fd_074_2.jpg,father-dau
127,3,1,father-dau/fd_107_1.jpg,father-dau/fd_107_2.jpg,father-dau
128,3,1,father-dau/fd_101_1.jpg,father-dau/fd_101_2.jpg,father-dau
129,3,1,father-dau/fd_060_1.jpg,father-dau/fd_060_2.jpg,father-dau
130,3,1,father-dau/fd_119_1.jpg,father-dau/fd_119_2.jpg,father-dau
131,3,1,father-dau/fd_028_1.jpg,father-dau/fd_028_2.jpg,father-dau
132,3,1,father-dau/fd_003_1.jpg,father-dau/fd_003_2.jpg,father-dau
133,3,1,father-dau/fd_011_1.jpg,father-dau/fd_011_2.jpg,father-dau
134,3,1,father-dau/fd_080_1.jpg,father-dau/fd_080_2.jpg,father-dau
135,3,0,father-dau/fd_080_1.jpg,father-dau/fd_060_2.jpg,father-dau
136,3,0,father-dau/fd_074_1.jpg,father-dau/fd_109_2.jpg,father-dau
137,3,0,father-dau/fd_115_1.jpg,father-dau/fd_116_2.jpg,father-dau
138,3,0,father-dau/fd_046_1.jpg,father-dau/fd_115_2.jpg,father-dau
139,3,0,father-dau/fd_054_1.jpg,father-dau/fd_119_2.jpg,father-dau
140,3,0,father-dau/fd_074_1.jpg,father-dau/fd_080_2.jpg,father-dau
141,3,0,father-dau/fd_011_1.jpg,father-dau/fd_033_2.jpg,father-dau
142,3,0,father-dau/fd_046_1.jpg,father-dau/fd_070_2.jpg,father-dau
143,3,0,father-dau/fd_061_1.jpg,father-dau/fd_077_2.jpg,father-dau
144,3,0,father-dau/fd_033_1.jpg,father-dau/fd_054_2.jpg,father-dau
145,3,0,father-dau/fd_074_1.jpg,father-dau/fd_011_2.jpg,father-dau
146,3,0,father-dau/fd_083_1.jpg,father-dau/fd_116_2.jpg,father-dau
147,3,0,father-dau/fd_060_1.jpg,father-dau/fd_007_2.jpg,father-dau
148,3,0,father-dau/fd_077_1.jpg,father-dau/fd_004_2.jpg,father-dau
149,3,0,father-dau/fd_028_1.jpg,father-dau/fd_109_2.jpg,father-dau
150,3,0,father-dau/fd_107_1.jpg,father-dau/fd_083_2.jpg,father-dau
151,3,0,father-dau/fd_011_1.jpg,father-dau/fd_033_2.jpg,father-dau
152,3,0,father-dau/fd_070_1.jpg,father-dau/fd_061_2.jpg,father-dau
153,3,0,father-dau/fd_028_1.jpg,father-dau/fd_046_2.jpg,father-dau
154,3,0,father-dau/fd_074_1.jpg,father-dau/fd_033_2.jpg,father-dau
155,3,0,father-dau/fd_046_1.jpg,father-dau/fd_109_2.jpg,father-dau
156,3,0,father-dau/fd_083_1.jpg,father-dau/fd_054_2.jpg,father-dau
157,3,0,father-dau/fd_077_1.jpg,father-dau/fd_115_2.jpg,father-dau
158,3,0,father-dau/fd_003_1.jpg,father-dau/fd_101_2.jpg,father-dau
159,3,0,father-dau/fd_074_1.jpg,father-dau/fd_098_2.jpg,father-dau
160,3,0,father-dau/fd_061_1.jpg,father-dau/fd_077_2.jpg,father-dau
161,3,0,father-dau/fd_070_1.jpg,father-dau/fd_033_2.jpg,father-dau
162,4,1,father-dau/fd_110_1.jpg,father-dau/fd_110_2.jpg,father-dau
163,4,1,father-dau/fd_132_1.jpg,father-dau/fd_132_2.jpg,father-dau
164,4,1,father-dau/fd_064_1.jpg,father-dau/fd_064_2.jpg,father-dau
165,4,1,father-dau/fd_066_1.jpg,father-dau/fd_066_2.jpg,father-dau
166,4,1,father-dau/fd_096_1.jpg,father-dau/fd_096_2.jpg,father-dau
167,4,1,father-dau/fd_040_1.jpg,father-dau/fd_040_2.jpg,father-dau
168,4,1,father-dau/fd_114_1.jpg,father-dau/fd_114_2.jpg,father-dau
169,4,1,father-dau/fd_043_1.jpg,father-dau/fd_043_2.jpg,father-dau
170,4,1,father-dau/fd_052_1.jpg,father-dau/fd_052_2.jpg,father-dau
171,4,1,father-dau/fd_079_1.jpg,father-dau/fd_079_2.jpg,father-dau
172,4,1,father-dau/fd_056_1.jpg,father-dau/fd_056_2.jpg,father-dau
173,4,1,father-dau/fd_076_1.jpg,father-dau/fd_076_2.jpg,father-dau
174,4,1,father-dau/fd_047_1.jpg,father-dau/fd_047_2.jpg,father-dau
175,4,1,father-dau/fd_071_1.jpg,father-dau/fd_071_2.jpg,father-dau
176,4,1,father-dau/fd_090_1.jpg,father-dau/fd_090_2.jpg,father-dau
177,4,1,father-dau/fd_014_1.jpg,father-dau/fd_014_2.jpg,father-dau
178,4,1,father-dau/fd_032_1.jpg,father-dau/fd_032_2.jpg,father-dau
179,4,1,father-dau/fd_108_1.jpg,father-dau/fd_108_2.jpg,father-dau
180,4,1,father-dau/fd_006_1.jpg,father-dau/fd_006_2.jpg,father-dau
181,4,1,father-dau/fd_125_1.jpg,father-dau/fd_125_2.jpg,father-dau
182,4,1,father-dau/fd_113_1.jpg,father-dau/fd_113_2.jpg,father-dau
183,4,1,father-dau/fd_128_1.jpg,father-dau/fd_128_2.jpg,father-dau
184,4,1,father-dau/fd_012_1.jpg,father-dau/fd_012_2.jpg,father-dau
185,4,1,father-dau/fd_117_1.jpg,father-dau/fd_117_2.jpg,father-dau
186,4,1,father-dau/fd_081_1.jpg,father-dau/fd_081_2.jpg,father-dau
187,4,1,father-dau/fd_023_1.jpg,father-dau/fd_023_2.jpg,father-dau
188,4,1,father-dau/fd_065_1.jpg,father-dau/fd_065_2.jpg,father-dau
189,4,0,father-dau/fd_064_1.jpg,father-dau/fd_043_2.jpg,father-dau
190,4,0,father-dau/fd_081_1.jpg,father-dau/fd_032_2.jpg,father-dau
191,4,0,father-dau/fd_052_1.jpg,father-dau/fd_047_2.jpg,father-dau
192,4,0,father-dau/fd_032_1.jpg,father-dau/fd_096_2.jpg,father-dau
193,4,0,father-dau/fd_012_1.jpg,father-dau/fd_023_2.jpg,father-dau
194,4,0,father-dau/fd_032_1.jpg,father-dau/fd_110_2.jpg,father-dau
195,4,0,father-dau/fd_128_1.jpg,father-dau/fd_032_2.jpg,father-dau
196,4,0,father-dau/fd_006_1.jpg,father-dau/fd_064_2.jpg,father-dau
197,4,0,father-dau/fd_096_1.jpg,father-dau/fd_012_2.jpg,father-dau
198,4,0,father-dau/fd_012_1.jpg,father-dau/fd_047_2.jpg,father-dau
199,4,0,father-dau/fd_023_1.jpg,father-dau/fd_066_2.jpg,father-dau
200,4,0,father-dau/fd_117_1.jpg,father-dau/fd_113_2.jpg,father-dau
201,4,0,father-dau/fd_076_1.jpg,father-dau/fd_032_2.jpg,father-dau
202,4,0,father-dau/fd_023_1.jpg,father-dau/fd_108_2.jpg,father-dau
203,4,0,father-dau/fd_114_1.jpg,father-dau/fd_079_2.jpg,father-dau
204,4,0,father-dau/fd_040_1.jpg,father-dau/fd_071_2.jpg,father-dau
205,4,0,father-dau/fd_032_1.jpg,father-dau/fd_132_2.jpg,father-dau
206,4,0,father-dau/fd_052_1.jpg,father-dau/fd_032_2.jpg,father-dau
207,4,0,father-dau/fd_096_1.jpg,father-dau/fd_032_2.jpg,father-dau
208,4,0,father-dau/fd_114_1.jpg,father-dau/fd_014_2.jpg,father-dau
209,4,0,father-dau/fd_090_1.jpg,father-dau/fd_023_2.jpg,father-dau
210,4,0,father-dau/fd_052_1.jpg,father-dau/fd_076_2.jpg,father-dau
211,4,0,father-dau/fd_043_1.jpg,father-dau/fd_056_2.jpg,father-dau
212,4,0,father-dau/fd_071_1.jpg,father-dau/fd_125_2.jpg,father-dau
213,4,0,father-dau/fd_052_1.jpg,father-dau/fd_066_2.jpg,father-dau
214,4,0,father-dau/fd_110_1.jpg,father-dau/fd_108_2.jpg,father-dau
215,4,0,father-dau/fd_125_1.jpg,father-dau/fd_043_2.jpg,father-dau
216,5,1,father-dau/fd_009_1.jpg,father-dau/fd_009_2.jpg,father-dau
217,5,1,father-dau/fd_063_1.jpg,father-dau/fd_063_2.jpg,father-dau
218,5,1,father-dau/fd_045_1.jpg,father-dau/fd_045_2.jpg,father-dau
219,5,1,father-dau/fd_041_1.jpg,father-dau/fd_041_2.jpg,father-dau
220,5,1,father-dau/fd_073_1.jpg,father-dau/fd_073_2.jpg,father-dau
221,5,1,father-dau/fd_037_1.jpg,father-dau/fd_037_2.jpg,father-dau
222,5,1,father-dau/fd_059_1.jpg,father-dau/fd_059_2.jpg,father-dau
223,5,1,father-dau/fd_058_1.jpg,father-dau/fd_058_2.jpg,father-dau
224,5,1,father-dau/fd_123_1.jpg,father-dau/fd_123_2.jpg,father-dau
225,5,1,father-dau/fd_089_1.jpg,father-dau/fd_089_2.jpg,father-dau
226,5,1,father-dau/fd_084_1.jpg,father-dau/fd_084_2.jpg,father-dau
227,5,1,father-dau/fd_005_1.jpg,father-dau/fd_005_2.jpg,father-dau
228,5,1,father-dau/fd_020_1.jpg,father-dau/fd_020_2.jpg,father-dau
229,5,1,father-dau/fd_093_1.jpg,father-dau/fd_093_2.jpg,father-dau
230,5,1,father-dau/fd_062_1.jpg,father-dau/fd_062_2.jpg,father-dau
231,5,1,father-dau/fd_018_1.jpg,father-dau/fd_018_2.jpg,father-dau
232,5,1,father-dau/fd_013_1.jpg,father-dau/fd_013_2.jpg,father-dau
233,5,1,father-dau/fd_034_1.jpg,father-dau/fd_034_2.jpg,father-dau
234,5,1,father-dau/fd_017_1.jpg,father-dau/fd_017_2.jpg,father-dau
235,5,1,father-dau/fd_001_1.jpg,father-dau/fd_001_2.jpg,father-dau
236,5,1,father-dau/fd_082_1.jpg,father-dau/fd_082_2.jpg,father-dau
237,5,1,father-dau/fd_134_1.jpg,father-dau/fd_134_2.jpg,father-dau
238,5,1,father-dau/fd_126_1.jpg,father-dau/fd_126_2.jpg,father-dau
239,5,1,father-dau/fd_086_1.jpg,father-dau/fd_086_2.jpg,father-dau
240,5,1,father-dau/fd_100_1.jpg,father-dau/fd_100_2.jpg,father-dau
241,5,1,father-dau/fd_127_1.jpg,father-dau/fd_127_2.jpg,father-dau
242,5,0,father-dau/fd_059_1.jpg,father-dau/fd_017_2.jpg,father-dau
243,5,0,father-dau/fd_082_1.jpg,father-dau/fd_127_2.jpg,father-dau
244,5,0,father-dau/fd_020_1.jpg,father-dau/fd_086_2.jpg,father-dau
245,5,0,father-dau/fd_005_1.jpg,father-dau/fd_082_2.jpg,father-dau
246,5,0,father-dau/fd_134_1.jpg,father-dau/fd_073_2.jpg,father-dau
247,5,0,father-dau/fd_084_1.jpg,father-dau/fd_093_2.jpg,father-dau
248,5,0,father-dau/fd_017_1.jpg,father-dau/fd_062_2.jpg,father-dau
249,5,0,father-dau/fd_045_1.jpg,father-dau/fd_005_2.jpg,father-dau
250,5,0,father-dau/fd_126_1.jpg,father-dau/fd_001_2.jpg,father-dau
251,5,0,father-dau/fd_100_1.jpg,father-dau/fd_062_2.jpg,father-dau
252,5,0,father-dau/fd_009_1.jpg,father-dau/fd_018_2.jpg,father-dau
253,5,0,father-dau/fd_134_1.jpg,father-dau/fd_127_2.jpg,father-dau
254,5,0,father-dau/fd_037_1.jpg,father-dau/fd_017_2.jpg,father-dau
255,5,0,father-dau/fd_093_1.jpg,father-dau/fd_100_2.jpg,father-dau
256,5,0,father-dau/fd_017_1.jpg,father-dau/fd_037_2.jpg,father-dau
257,5,0,father-dau/fd_005_1.jpg,father-dau/fd_073_2.jpg,father-dau
258,5,0,father-dau/fd_127_1.jpg,father-dau/fd_089_2.jpg,father-dau
259,5,0,father-dau/fd_063_1.jpg,father-dau/fd_001_2.jpg,father-dau
260,5,0,father-dau/fd_086_1.jpg,father-dau/fd_058_2.jpg,father-dau
261,5,0,father-dau/fd_059_1.jpg,father-dau/fd_100_2.jpg,father-dau
262,5,0,father-dau/fd_041_1.jpg,father-dau/fd_100_2.jpg,father-dau
263,5,0,father-dau/fd_017_1.jpg,father-dau/fd_126_2.jpg,father-dau
264,5,0,father-dau/fd_037_1.jpg,father-dau/fd_005_2.jpg,father-dau
265,5,0,father-dau/fd_045_1.jpg,father-dau/fd_126_2.jpg,father-dau
266,5,0,father-dau/fd_062_1.jpg,father-dau/fd_123_2.jpg,father-dau
267,5,0,father-dau/fd_089_1.jpg,father-dau/fd_126_2.jpg,father-dau
268,1,1,mother-dau/md_024_1.jpg,mother-dau/md_024_2.jpg,mother-dau
269,1,1,mother-dau/md_092_1.jpg,mother-dau/md_092_2.jpg,mother-dau
270,1,1,mother-dau/md_124_1.jpg,mother-dau/md_124_2.jpg,mother-dau
271,1,1,mother-dau/md_031_1.jpg,mother-dau/md_031_2.jpg,mother-dau
272,1,1,mother-dau/md_008_1.jpg,mother-dau/md_008_2.jpg,mother-dau
273,1,1,mother-dau/md_042_1.jpg,mother-dau/md_042_2.jpg,mother-dau
274,1,1,mother-dau/md_120_1.jpg,mother-dau/md_120_2.jpg,mother-dau
275,1,1,mother-dau/md_021_1.jpg,mother-dau/md_021_2.jpg,mother-dau
276,1,1,mother-dau/md_118_1.jpg,mother-dau/md_118_2.jpg,mother-dau
277,1,1,mother-dau/md_099_1.jpg,mother-dau/md_099_2.jpg,mother-dau
278,1,1,mother-dau/md_091_1.jpg,mother-dau/md_091_2.jpg,mother-dau
279,1,1,mother-dau/md_025_1.jpg,mother-dau/md_025_2.jpg,mother-dau
280,1,1,mother-dau/md_055_1.jpg,mother-dau/md_055_2.jpg,mother-dau
281,1,1,mother-dau/md_085_1.jpg,mother-dau/md_085_2.jpg,mother-dau
282,1,1,mother-dau/md_015_1.jpg,mother-dau/md_015_2.jpg,mother-dau
283,1,1,mother-dau/md_050_1.jpg,mother-dau/md_050_2.jpg,mother-dau
284,1,1,mother-dau/md_051_1.jpg,mother-dau/md_051_2.jpg,mother-dau
285,1,1,mother-dau/md_027_1.jpg,mother-dau/md_027_2.jpg,mother-dau
286,1,1,mother-dau/md_030_1.jpg,mother-dau/md_030_2.jpg,mother-dau
287,1,1,mother-dau/md_094_1.jpg,mother-dau/md_094_2.jpg,mother-dau
288,1,1,mother-dau/md_039_1.jpg,mother-dau/md_039_2.jpg,mother-dau
289,1,1,mother-dau/md_026_1.jpg,mother-dau/md_026_2.jpg,mother-dau
290,1,1,mother-dau/md_111_1.jpg,mother-dau/md_111_2.jpg,mother-dau
291,1,1,mother-dau/md_106_1.jpg,mother-dau/md_106_2.jpg,mother-dau
292,1,1,mother-dau/md_002_1.jpg,mother-dau/md_002_2.jpg,mother-dau
293,1,0,mother-dau/md_094_1.jpg,mother-dau/md_091_2.jpg,mother-dau
294,1,0,mother-dau/md_055_1.jpg,mother-dau/md_042_2.jpg,mother-dau
295,1,0,mother-dau/md_051_1.jpg,mother-dau/md_118_2.jpg,mother-dau
296,1,0,mother-dau/md_002_1.jpg,mother-dau/md_030_2.jpg,mother-dau
297,1,0,mother-dau/md_091_1.jpg,mother-dau/md_030_2.jpg,mother-dau
298,1,0,mother-dau/md_120_1.jpg,mother-dau/md_091_2.jpg,mother-dau
299,1,0,mother-dau/md_106_1.jpg,mother-dau/md_027_2.jpg,mother-dau
300,1,0,mother-dau/md_042_1.jpg,mother-dau/md_039_2.jpg,mother-dau
301,1,0,mother-dau/md_050_1.jpg,mother-dau/md_031_2.jpg,mother-dau
302,1,0,mother-dau/md_042_1.jpg,mother-dau/md_050_2.jpg,mother-dau
303,1,0,mother-dau/md_050_1.jpg,mother-dau/md_099_2.jpg,mother-dau
304,1,0,mother-dau/md_015_1.jpg,mother-dau/md_025_2.jpg,mother-dau
305,1,0,mother-dau/md_021_1.jpg,mother-dau/md_024_2.jpg,mother-dau
306,1,0,mother-dau/md_099_1.jpg,mother-dau/md_027_2.jpg,mother-dau
307,1,0,mother-dau/md_008_1.jpg,mother-dau/md_015_2.jpg,mother-dau
308,1,0,mother-dau/md_092_1.jpg,mother-dau/md_099_2.jpg,mother-dau
309,1,0,mother-dau/md_027_1.jpg,mother-dau/md_124_2.jpg,mother-dau
310,1,0,mother-dau/md_118_1.jpg,mother-dau/md_031_2.jpg,mother-dau
311,1,0,mother-dau/md_030_1.jpg,mother-dau/md_025_2.jpg,mother-dau
312,1,0,mother-dau/md_085_1.jpg,mother-dau/md_031_2.jpg,mother-dau
313,1,0,mother-dau/md_025_1.jpg,mother-dau/md_027_2.jpg,mother-dau
314,1,0,mother-dau/md_111_1.jpg,mother-dau/md_120_2.jpg,mother-dau
315,1,0,mother-dau/md_120_1.jpg,mother-dau/md_026_2.jpg,mother-dau
316,1,0,mother-dau/md_042_1.jpg,mother-dau/md_039_2.jpg,mother-dau
317,1,0,mother-dau/md_111_1.jpg,mother-dau/md_042_2.jpg,mother-dau
318,2,1,mother-dau/md_088_1.jpg,mother-dau/md_088_2.jpg,mother-dau
319,2,1,mother-dau/md_087_1.jpg,mother-dau/md_087_2.jpg,mother-dau
320,2,1,mother-dau/md_029_1.jpg,mother-dau/md_029_2.jpg,mother-dau
321,2,1,mother-dau/md_097_1.jpg,mother-dau/md_097_2.jpg,mother-dau
322,2,1,mother-dau/md_068_1.jpg,mother-dau/md_068_2.jpg,mother-dau
323,2,1,mother-dau/md_095_1.jpg,mother-dau/md_095_2.jpg,mother-dau
324,2,1,mother-dau/md_053_1.jpg,mother-dau/md_053_2.jpg,mother-dau
325,2,1,mother-dau/md_049_1.jpg,mother-dau/md_049_2.jpg,mother-dau
326,2,1,mother-dau/md_122_1.jpg,mother-dau/md_122_2.jpg,mother-dau
327,2,1,mother-dau/md_072_1.jpg,mother-dau/md_072_2.jpg,mother-dau
328,2,1,mother-dau/md_104_1.jpg,mother-dau/md_104_2.jpg,mother-dau
329,2,1,mother-dau/md_069_1.jpg,mother-dau/md_069_2.jpg,mother-dau
330,2,1,mother-dau/md_067_1.jpg,mother-dau/md_067_2.jpg,mother-dau
331,2,1,mother-dau/md_022_1.jpg,mother-dau/md_022_2.jpg,mother-dau
332,2,1,mother-dau/md_075_1.jpg,mother-dau/md_075_2.jpg,mother-dau
333,2,1,mother-dau/md_057_1.jpg,mother-dau/md_057_2.jpg,mother-dau
334,2,1,mother-dau/md_044_1.jpg,mother-dau/md_044_2.jpg,mother-dau
335,2,1,mother-dau/md_112_1.jpg,mother-dau/md_112_2.jpg,mother-dau
336,2,1,mother-dau/md_016_1.jpg,mother-dau/md_016_2.jpg,mother-dau
337,2,1,mother-dau/md_019_1.jpg,mother-dau/md_019_2.jpg,mother-dau
338,2,1,mother-dau/md_121_1.jpg,mother-dau/md_121_2.jpg,mother-dau
339,2,1,mother-dau/md_036_1.jpg,mother-dau/md_036_2.jpg,mother-dau
340,2,1,mother-dau/md_102_1.jpg,mother-dau/md_102_2.jpg,mother-dau
341,2,1,mother-dau/md_048_1.jpg,mother-dau/md_048_2.jpg,mother-dau
342,2,1,mother-dau/md_105_1.jpg,mother-dau/md_105_2.jpg,mother-dau
343,2,0,mother-dau/md_095_1.jpg,mother-dau/md_087_2.jpg,mother-dau
344,2,0,mother-dau/md_087_1.jpg,mother-dau/md_044_2.jpg,mother-dau
345,2,0,mother-dau/md_068_1.jpg,mother-dau/md_036_2.jpg,mother-dau
346,2,0,mother-dau/md_105_1.jpg,mother-dau/md_104_2.jpg,mother-dau
347,2,0,mother-dau/md_075_1.jpg,mother-dau/md_029_2.jpg,mother-dau
348,2,0,mother-dau/md_088_1.jpg,mother-dau/md_069_2.jpg,mother-dau
349,2,0,mother-dau/md_036_1.jpg,mother-dau/md_095_2.jpg,mother-dau
350,2,0,mother-dau/md_044_1.jpg,mother-dau/md_105_2.jpg,mother-dau
351,2,0,mother-dau/md_044_1.jpg,mother-dau/md_036_2.jpg,mother-dau
352,2,0,mother-dau/md_088_1.jpg,mother-dau/md_097_2.jpg,mother-dau
353,2,0,mother-dau/md_121_1.jpg,mother-dau/md_104_2.jpg,mother-dau
354,2,0,mother-dau/md_102_1.jpg,mother-dau/md_016_2.jpg,mother-dau
355,2,0,mother-dau/md_112_1.jpg,mother-dau/md_122_2.jpg,mother-dau
356,2,0,mother-dau/md_068_1.jpg,mother-dau/md_104_2.jpg,mother-dau
357,2,0,mother-dau/md_036_1.jpg,mother-dau/md_067_2.jpg,mother-dau
358,2,0,mother-dau/md_121_1.jpg,mother-dau/md_069_2.jpg,mother-dau
359,2,0,mother-dau/md_104_1.jpg,mother-dau/md_102_2.jpg,mother-dau
360,2,0,mother-dau/md_088_1.jpg,mother-dau/md_049_2.jpg,mother-dau
361,2,0,mother-dau/md_087_1.jpg,mother-dau/md_112_2.jpg,mother-dau
362,2,0,mother-dau/md_044_1.jpg,mother-dau/md_105_2.jpg,mother-dau
363,2,0,mother-dau/md_022_1.jpg,mother-dau/md_104_2.jpg,mother-dau
364,2,0,mother-dau/md_068_1.jpg,mother-dau/md_057_2.jpg,mother-dau
365,2,0,mother-dau/md_016_1.jpg,mother-dau/md_072_2.jpg,mother-dau
366,2,0,mother-dau/md_088_1.jpg,mother-dau/md_104_2.jpg,mother-dau
367,2,0,mother-dau/md_072_1.jpg,mother-dau/md_057_2.jpg,mother-dau
368,3,1,mother-dau/md_010_1.jpg,mother-dau/md_010_2.jpg,mother-dau
369,3,1,mother-dau/md_078_1.jpg,mother-dau/md_078_2.jpg,mother-dau
370,3,1,mother-dau/md_033_1.jpg,mother-dau/md_033_2.jpg,mother-dau
371,3,1,mother-dau/md_007_1.jpg,mother-dau/md_007_2.jpg,mother-dau
372,3,1,mother-dau/md_115_1.jpg,mother-dau/md_115_2.jpg,mother-dau
373,3,1,mother-dau/md_035_1.jpg,mother-dau/md_035_2.jpg,mother-dau
374,3,1,mother-dau/md_098_1.jpg,mother-dau/md_098_2.jpg,mother-dau
375,3,1,mother-dau/md_004_1.jpg,mother-dau/md_004_2.jpg,mother-dau
376,3,1,mother-dau/md_061_1.jpg,mother-dau/md_061_2.jpg,mother-dau
377,3,1,mother-dau/md_046_1.jpg,mother-dau/md_046_2.jpg,mother-dau
378,3,1,mother-dau/md_103_1.jpg,mother-dau/md_103_2.jpg,mother-dau
379,3,1,mother-dau/md_083_1.jpg,mother-dau/md_083_2.jpg,mother-dau
380,3,1,mother-dau/md_038_1.jpg,mother-dau/md_038_2.jpg,mother-dau
381,3,1,mother-dau/md_109_1.jpg,mother-dau/md_109_2.jpg,mother-dau
382,3,1,mother-dau/md_070_1.jpg,mother-dau/md_070_2.jpg,mother-dau
383,3,1,mother-dau/md_054_1.jpg,mother-dau/md_054_2.jpg,mother-dau
384,3,1,mother-dau/md_077_1.jpg,mother-dau/md_077_2.jpg,mother-dau
385,3,1,mother-dau/md_116_1.jpg,mother-dau/md_116_2.jpg,mother-dau
386,3,1,mother-dau/md_074_1.jpg,mother-dau/md_074_2.jpg,mother-dau
387,3,1,mother-dau/md_107_1.jpg,mother-dau/md_107_2.jpg,mother-dau
388,3,1,mother-dau/md_101_1.jpg,mother-dau/md_101_2.jpg,mother-dau
389,3,1,mother-dau/md_060_1.jpg,mother-dau/md_060_2.jpg,mother-dau
390,3,1,mother-dau/md_119_1.jpg,mother-dau/md_119_2.jpg,mother-dau
391,3,1,mother-dau/md_028_1.jpg,mother-dau/md_028_2.jpg,mother-dau
392,3,1,mother-dau/md_003_1.jpg,mother-dau/md_003_2.jpg,mother-dau
393,3,0,mother-dau/md_074_1.jpg,mother-dau/md_115_2.jpg,mother-dau
394,3,0,mother-dau/md_119_1.jpg,mother-dau/md_070_2.jpg,mother-dau
395,3,0,mother-dau/md_054_1.jpg,mother-dau/md_035_2.jpg,mother-dau
396,3,0,mother-dau/md_109_1.jpg,mother-dau/md_028_2.jpg,mother-dau
397,3,0,mother-dau/md_061_1.jpg,mother-dau/md_077_2.jpg,mother-dau
398,3,0,mother-dau/md_046_1.jpg,mother-dau/md_054_2.jpg,mother-dau
399,3,0,mother-dau/md_116_1.jpg,mother-dau/md_046_2.jpg,mother-dau
400,3,0,mother-dau/md_103_1.jpg,mother-dau/md_077_2.jpg,mother-dau
401,3,0,mother-dau/md_101_1.jpg,mother-dau/md_046_2.jpg,mother-dau
402,3,0,mother-dau/md_103_1.jpg,mother-dau/md_070_2.jpg,mother-dau
403,3,0,mother-dau/md_070_1.jpg,mother-dau/md_116_2.jpg,mother-dau
404,3,0,mother-dau/md_038_1.jpg,mother-dau/md_107_2.jpg,mother-dau
405,3,0,mother-dau/md_038_1.jpg,mother-dau/md_115_2.jpg,mother-dau
406,3,0,mother-dau/md_116_1.jpg,mother-dau/md_003_2.jpg,mother-dau
407,3,0,mother-dau/md_101_1.jpg,mother-dau/md_116_2.jpg,mother-dau
408,3,0,mother-dau/md_038_1.jpg,mother-dau/md_033_2.jpg,mother-dau
409,3,0,mother-dau/md_077_1.jpg,mother-dau/md_046_2.jpg,mother-dau
410,3,0,mother-dau/md_007_1.jpg,mother-dau/md_070_2.jpg,mother-dau
411,3,0,mother-dau/md_101_1.jpg,mother-dau/md_077_2.jpg,mother-dau
412,3,0,mother-dau/md_078_1.jpg,mother-dau/md_046_2.jpg,mother-dau
413,3,0,mother-dau/md_109_1.jpg,mother-dau/md_098_2.jpg,mother-dau
414,3,0,mother-dau/md_070_1.jpg,mother-dau/md_078_2.jpg,mother-dau
415,3,0,mother-dau/md_070_1.jpg,mother-dau/md_116_2.jpg,mother-dau
416,3,0,mother-dau/md_003_1.jpg,mother-dau/md_074_2.jpg,mother-dau
417,3,0,mother-dau/md_074_1.jpg,mother-dau/md_103_2.jpg,mother-dau
418,4,1,mother-dau/md_011_1.jpg,mother-dau/md_011_2.jpg,mother-dau
419,4,1,mother-dau/md_080_1.jpg,mother-dau/md_080_2.jpg,mother-dau
420,4,1,mother-dau/md_110_1.jpg,mother-dau/md_110_2.jpg,mother-dau
421,4,1,mother-dau/md_064_1.jpg,mother-dau/md_064_2.jpg,mother-dau
422,4,1,mother-dau/md_066_1.jpg,mother-dau/md_066_2.jpg,mother-dau
423,4,1,mother-dau/md_096_1.jpg,mother-dau/md_096_2.jpg,mother-dau
424,4,1,mother-dau/md_040_1.jpg,mother-dau/md_040_2.jpg,mother-dau
425,4,1,mother-dau/md_114_1.jpg,mother-dau/md_114_2.jpg,mother-dau
426,4,1,mother-dau/md_043_1.jpg,mother-dau/md_043_2.jpg,mother-dau
427,4,1,mother-dau/md_052_1.jpg,mother-dau/md_052_2.jpg,mother-dau
428,4,1,mother-dau/md_079_1.jpg,mother-dau/md_079_2.jpg,mother-dau
429,4,1,mother-dau/md_056_1.jpg,mother-dau/md_056_2.jpg,mother-dau
430,4,1,mother-dau/md_076_1.jpg,mother-dau/md_076_2.jpg,mother-dau
431,4,1,mother-dau/md_047_1.jpg,mother-dau/md_047_2.jpg,mother-dau
432,4,1,mother-dau/md_071_1.jpg,mother-dau/md_071_2.jpg,mother-dau
433,4,1,mother-dau/md_090_1.jpg,mother-dau/md_090_2.jpg,mother-dau
434,4,1,mother-dau/md_014_1.jpg,mother-dau/md_014_2.jpg,mother-dau
435,4,1,mother-dau/md_032_1.jpg,mother-dau/md_032_2.jpg,mother-dau
436,4,1,mother-dau/md_108_1.jpg,mother-dau/md_108_2.jpg,mother-dau
437,4,1,mother-dau/md_006_1.jpg,mother-dau/md_006_2.jpg,mother-dau
438,4,1,mother-dau/md_125_1.jpg,mother-dau/md_125_2.jpg,mother-dau
439,4,1,mother-dau/md_113_1.jpg,mother-dau/md_113_2.jpg,mother-dau
440,4,1,mother-dau/md_012_1.jpg,mother-dau/md_012_2.jpg,mother-dau
441,4,1,mother-dau/md_117_1.jpg,mother-dau/md_117_2.jpg,mother-dau
442,4,1,mother-dau/md_081_1.jpg,mother-dau/md_081_2.jpg,mother-dau
443,4,0,mother-dau/md_090_1.jpg,mother-dau/md_125_2.jpg,mother-dau
444,4,0,mother-dau/md_110_1.jpg,mother-dau/md_117_2.jpg,mother-dau
445,4,0,mother-dau/md_012_1.jpg,mother-dau/md_090_2.jpg,mother-dau
446,4,0,mother-dau/md_040_1.jpg,mother-dau/md_113_2.jpg,mother-dau
447,4,0,mother-dau/md_076_1.jpg,mother-dau/md_108_2.jpg,mother-dau
448,4,0,mother-dau/md_079_1.jpg,mother-dau/md_081_2.jpg,mother-dau
449,4,0,mother-dau/md_080_1.jpg,mother-dau/md_047_2.jpg,mother-dau
450,4,0,mother-dau/md_114_1.jpg,mother-dau/md_113_2.jpg,mother-dau
451,4,0,mother-dau/md_043_1.jpg,mother-dau/md_032_2.jpg,mother-dau
452,4,0,mother-dau/md_080_1.jpg,mother-dau/md_043_2.jpg,mother-dau
453,4,0,mother-dau/md_110_1.jpg,mother-dau/md_012_2.jpg,mother-dau
454,4,0,mother-dau/md_125_1.jpg,mother-dau/md_014_2.jpg,mother-dau
455,4,0,mother-dau/md_040_1.jpg,mother-dau/md_079_2.jpg,mother-dau
456,4,0,mother-dau/md_056_1.jpg,mother-dau/md_012_2.jpg,mother-dau
457,4,0,mother-dau/md_071_1.jpg,mother-dau/md_043_2.jpg,mother-dau
458,4,0,mother-dau/md_056_1.jpg,mother-dau/md_071_2.jpg,mother-dau
459,4,0,mother-dau/md_066_1.jpg,mother-dau/md_125_2.jpg,mother-dau
460,4,0,mother-dau/md_117_1.jpg,mother-dau/md_071_2.jpg,mother-dau
461,4,0,mother-dau/md_011_1.jpg,mother-dau/md_125_2.jpg,mother-dau
462,4,0,mother-dau/md_110_1.jpg,mother-dau/md_079_2.jpg,mother-dau
463,4,0,mother-dau/md_052_1.jpg,mother-dau/md_066_2.jpg,mother-dau
464,4,0,mother-dau/md_056_1.jpg,mother-dau/md_117_2.jpg,mother-dau
465,4,0,mother-dau/md_064_1.jpg,mother-dau/md_113_2.jpg,mother-dau
466,4,0,mother-dau/md_006_1.jpg,mother-dau/md_056_2.jpg,mother-dau
467,4,0,mother-dau/md_090_1.jpg,mother-dau/md_117_2.jpg,mother-dau
468,5,1,mother-dau/md_023_1.jpg,mother-dau/md_023_2.jpg,mother-dau
469,5,1,mother-dau/md_065_1.jpg,mother-dau/md_065_2.jpg,mother-dau
470,5,1,mother-dau/md_009_1.jpg,mother-dau/md_009_2.jpg,mother-dau
471,5,1,mother-dau/md_063_1.jpg,mother-dau/md_063_2.jpg,mother-dau
472,5,1,mother-dau/md_045_1.jpg,mother-dau/md_045_2.jpg,mother-dau
473,5,1,mother-dau/md_041_1.jpg,mother-dau/md_041_2.jpg,mother-dau
474,5,1,mother-dau/md_073_1.jpg,mother-dau/md_073_2.jpg,mother-dau
475,5,1,mother-dau/md_037_1.jpg,mother-dau/md_037_2.jpg,mother-dau
476,5,1,mother-dau/md_059_1.jpg,mother-dau/md_059_2.jpg,mother-dau
477,5,1,mother-dau/md_058_1.jpg,mother-dau/md_058_2.jpg,mother-dau
478,5,1,mother-dau/md_123_1.jpg,mother-dau/md_123_2.jpg,mother-dau
479,5,1,mother-dau/md_089_1.jpg,mother-dau/md_089_2.jpg,mother-dau
480,5,1,mother-dau/md_084_1.jpg,mother-dau/md_084_2.jpg,mother-dau
481,5,1,mother-dau/md_005_1.jpg,mother-dau/md_005_2.jpg,mother-dau
482,5,1,mother-dau/md_020_1.jpg,mother-dau/md_020_2.jpg,mother-dau
483,5,1,mother-dau/md_093_1.jpg,mother-dau/md_093_2.jpg,mother-dau
484,5,1,mother-dau/md_062_1.jpg,mother-dau/md_062_2.jpg,mother-dau
485,5,1,mother-dau/md_018_1.jpg,mother-dau/md_018_2.jpg,mother-dau
486,5,1,mother-dau/md_013_1.jpg,mother-dau/md_013_2.jpg,mother-dau
487,5,1,mother-dau/md_034_1.jpg,mother-dau/md_034_2.jpg,mother-dau
488,5,1,mother-dau/md_017_1.jpg,mother-dau/md_017_2.jpg,mother-dau
489,5,1,mother-dau/md_001_1.jpg,mother-dau/md_001_2.jpg,mother-dau
490,5,1,mother-dau/md_082_1.jpg,mother-dau/md_082_2.jpg,mother-dau
491,5,1,mother-dau/md_126_1.jpg,mother-dau/md_126_2.jpg,mother-dau
492,5,1,mother-dau/md_086_1.jpg,mother-dau/md_086_2.jpg,mother-dau
493,5,1,mother-dau/md_100_1.jpg,mother-dau/md_100_2.jpg,mother-dau
494,5,1,mother-dau/md_127_1.jpg,mother-dau/md_127_2.jpg,mother-dau
495,5,0,mother-dau/md_018_1.jpg,mother-dau/md_073_2.jpg,mother-dau
496,5,0,mother-dau/md_058_1.jpg,mother-dau/md_041_2.jpg,mother-dau
497,5,0,mother-dau/md_084_1.jpg,mother-dau/md_062_2.jpg,mother-dau
498,5,0,mother-dau/md_065_1.jpg,mother-dau/md_059_2.jpg,mother-dau
499,5,0,mother-dau/md_062_1.jpg,mother-dau/md_045_2.jpg,mother-dau
500,5,0,mother-dau/md_062_1.jpg,mother-dau/md_073_2.jpg,mother-dau
501,5,0,mother-dau/md_100_1.jpg,mother-dau/md_058_2.jpg,mother-dau
502,5,0,mother-dau/md_089_1.jpg,mother-dau/md_037_2.jpg,mother-dau
503,5,0,mother-dau/md_123_1.jpg,mother-dau/md_005_2.jpg,mother-dau
504,5,0,mother-dau/md_034_1.jpg,mother-dau/md_059_2.jpg,mother-dau
505,5,0,mother-dau/md_063_1.jpg,mother-dau/md_089_2.jpg,mother-dau
506,5,0,mother-dau/md_084_1.jpg,mother-dau/md_023_2.jpg,mother-dau
507,5,0,mother-dau/md_127_1.jpg,mother-dau/md_084_2.jpg,mother-dau
508,5,0,mother-dau/md_086_1.jpg,mother-dau/md_084_2.jpg,mother-dau
509,5,0,mother-dau/md_045_1.jpg,mother-dau/md_123_2.jpg,mother-dau
510,5,0,mother-dau/md_020_1.jpg,mother-dau/md_034_2.jpg,mother-dau
511,5,0,mother-dau/md_093_1.jpg,mother-dau/md_084_2.jpg,mother-dau
512,5,0,mother-dau/md_084_1.jpg,mother-dau/md_009_2.jpg,mother-dau
513,5,0,mother-dau/md_059_1.jpg,mother-dau/md_082_2.jpg,mother-dau
514,5,0,mother-dau/md_017_1.jpg,mother-dau/md_100_2.jpg,mother-dau
515,5,0,mother-dau/md_093_1.jpg,mother-dau/md_023_2.jpg,mother-dau
516,5,0,mother-dau/md_062_1.jpg,mother-dau/md_082_2.jpg,mother-dau
517,5,0,mother-dau/md_127_1.jpg,mother-dau/md_041_2.jpg,mother-dau
518,5,0,mother-dau/md_013_1.jpg,mother-dau/md_020_2.jpg,mother-dau
519,5,0,mother-dau/md_100_1.jpg,mother-dau/md_034_2.jpg,mother-dau
520,5,0,mother-dau/md_073_1.jpg,mother-dau/md_084_2.jpg,mother-dau
521,5,0,mother-dau/md_045_1.jpg,mother-dau/md_127_2.jpg,mother-dau
522,1,1,mother-son/ms_024_1.jpg,mother-son/ms_024_2.jpg,mother-son
523,1,1,mother-son/ms_092_1.jpg,mother-son/ms_092_2.jpg,mother-son
524,1,1,mother-son/ms_031_1.jpg,mother-son/ms_031_2.jpg,mother-son
525,1,1,mother-son/ms_008_1.jpg,mother-son/ms_008_2.jpg,mother-son
526,1,1,mother-son/ms_042_1.jpg,mother-son/ms_042_2.jpg,mother-son
527,1,1,mother-son/ms_021_1.jpg,mother-son/ms_021_2.jpg,mother-son
528,1,1,mother-son/ms_099_1.jpg,mother-son/ms_099_2.jpg,mother-son
529,1,1,mother-son/ms_091_1.jpg,mother-son/ms_091_2.jpg,mother-son
530,1,1,mother-son/ms_025_1.jpg,mother-son/ms_025_2.jpg,mother-son
531,1,1,mother-son/ms_055_1.jpg,mother-son/ms_055_2.jpg,mother-son
532,1,1,mother-son/ms_085_1.jpg,mother-son/ms_085_2.jpg,mother-son
533,1,1,mother-son/ms_015_1.jpg,mother-son/ms_015_2.jpg,mother-son
534,1,1,mother-son/ms_050_1.jpg,mother-son/ms_050_2.jpg,mother-son
535,1,1,mother-son/ms_051_1.jpg,mother-son/ms_051_2.jpg,mother-son
536,1,1,mother-son/ms_027_1.jpg,mother-son/ms_027_2.jpg,mother-son
537,1,1,mother-son/ms_030_1.jpg,mother-son/ms_030_2.jpg,mother-son
538,1,1,mother-son/ms_094_1.jpg,mother-son/ms_094_2.jpg,mother-son
539,1,1,mother-son/ms_039_1.jpg,mother-son/ms_039_2.jpg,mother-son
540,1,1,mother-son/ms_026_1.jpg,mother-son/ms_026_2.jpg,mother-son
541,1,1,mother-son/ms_111_1.jpg,mother-son/ms_111_2.jpg,mother-son
542,1,1,mother-son/ms_106_1.jpg,mother-son/ms_106_2.jpg,mother-son
543,1,1,mother-son/ms_002_1.jpg,mother-son/ms_002_2.jpg,mother-son
544,1,1,mother-son/ms_088_1.jpg,mother-son/ms_088_2.jpg,mother-son
545,1,0,mother-son/ms_026_1.jpg,mother-son/ms_092_2.jpg,mother-son
546,1,0,mother-son/ms_051_1.jpg,mother-son/ms_092_2.jpg,mother-son
547,1,0,mother-son/ms_106_1.jpg,mother-son/ms_024_2.jpg,mother-son
548,1,0,mother-son/ms_039_1.jpg,mother-son/ms_088_2.jpg,mother-son
549,1,0,mother-son/ms_088_1.jpg,mother-son/ms_026_2.jpg,mother-son
550,1,0,mother-son/ms_042_1.jpg,mother-son/ms_027_2.jpg,mother-son
551,1,0,mother-son/ms_091_1.jpg,mother-son/ms_088_2.jpg,mother-son
552,1,0,mother-son/ms_094_1.jpg,mother-son/ms_055_2.jpg,mother-son
553,1,0,mother-son/ms_039_1.jpg,mother-son/ms_099_2.jpg,mother-son
554,1,0,mother-son/ms_085_1.jpg,mother-son/ms_002_2.jpg,mother-son
555,1,0,mother-son/ms_030_1.jpg,mother-son/ms_042_2.jpg,mother-son
556,1,0,mother-son/ms_111_1.jpg,mother-son/ms_027_2.jpg,mother-son
557,1,0,mother-son/ms_025_1.jpg,mother-son/ms_051_2.jpg,mother-son
558,1,0,mother-son/ms_085_1.jpg,mother-son/ms_092_2.jpg,mother-son
559,1,0,mother-son/ms_024_1.jpg,mother-son/ms_091_2.jpg,mother-son
560,1,0,mother-son/ms_024_1.jpg,mother-son/ms_025_2.jpg,mother-son
561,1,0,mother-son/ms_030_1.jpg,mother-son/ms_031_2.jpg,mother-son
562,1,0,mother-son/ms_024_1.jpg,mother-son/ms_027_2.jpg,mother-son
563,1,0,mother-son/ms_051_1.jpg,mother-son/ms_024_2.jpg,mother-son
564,1,0,mother-son/ms_024_1.jpg,mother-son/ms_042_2.jpg,mother-son
565,1,0,mother-son/ms_051_1.jpg,mother-son/ms_092_2.jpg,mother-son
566,1,0,mother-son/ms_025_1.jpg,mother-son/ms_027_2.jpg,mother-son
567,1,0,mother-son/ms_092_1.jpg,mother-son/ms_085_2.jpg,mother-son
568,2,1,mother-son/ms_087_1.jpg,mother-son/ms_087_2.jpg,mother-son
569,2,1,mother-son/ms_029_1.jpg,mother-son/ms_029_2.jpg,mother-son
570,2,1,mother-son/ms_097_1.jpg,mother-son/ms_097_2.jpg,mother-son
571,2,1,mother-son/ms_068_1.jpg,mother-son/ms_068_2.jpg,mother-son
572,2,1,mother-son/ms_095_1.jpg,mother-son/ms_095_2.jpg,mother-son
573,2,1,mother-son/ms_053_1.jpg,mother-son/ms_053_2.jpg,mother-son
574,2,1,mother-son/ms_049_1.jpg,mother-son/ms_049_2.jpg,mother-son
575,2,1,mother-son/ms_072_1.jpg,mother-son/ms_072_2.jpg,mother-son
576,2,1,mother-son/ms_104_1.jpg,mother-son/ms_104_2.jpg,mother-son
577,2,1,mother-son/ms_069_1.jpg,mother-son/ms_069_2.jpg,mother-son
578,2,1,mother-son/ms_067_1.jpg,mother-son/ms_067_2.jpg,mother-son
579,2,1,mother-son/ms_022_1.jpg,mother-son/ms_022_2.jpg,mother-son
580,2,1,mother-son/ms_075_1.jpg,mother-son/ms_075_2.jpg,mother-son
581,2,1,mother-son/ms_057_1.jpg,mother-son/ms_057_2.jpg,mother-son
582,2,1,mother-son/ms_044_1.jpg,mother-son/ms_044_2.jpg,mother-son
583,2,1,mother-son/ms_112_1.jpg,mother-son/ms_112_2.jpg,mother-son
584,2,1,mother-son/ms_016_1.jpg,mother-son/ms_016_2.jpg,mother-son
585,2,1,mother-son/ms_019_1.jpg,mother-son/ms_019_2.jpg,mother-son
586,2,1,mother-son/ms_036_1.jpg,mother-son/ms_036_2.jpg,mother-son
587,2,1,mother-son/ms_102_1.jpg,mother-son/ms_102_2.jpg,mother-son
588,2,1,mother-son/ms_048_1.jpg,mother-son/ms_048_2.jpg,mother-son
589,2,1,mother-son/ms_105_1.jpg,mother-son/ms_105_2.jpg,mother-son
590,2,1,mother-son/ms_010_1.jpg,mother-son/ms_010_2.jpg,mother-son
591,2,0,mother-son/ms_068_1.jpg,mother-son/ms_112_2.jpg,mother-son
592,2,0,mother-son/ms_097_1.jpg,mother-son/ms_067_2.jpg,mother-son
593,2,0,mother-son/ms_016_1.jpg,mother-son/ms_048_2.jpg,mother-son
594,2,0,mother-son/ms_102_1.jpg,mother-son/ms_053_2.jpg,mother-son
595,2,0,mother-son/ms_044_1.jpg,mother-son/ms_095_2.jpg,mother-son
596,2,0,mother-son/ms_102_1.jpg,mother-son/ms_068_2.jpg,mother-son
597,2,0,mother-son/ms_068_1.jpg,mother-son/ms_010_2.jpg,mother-son
598,2,0,mother-son/ms_067_1.jpg,mother-son/ms_072_2.jpg,mother-son
599,2,0,mother-son/ms_069_1.jpg,mother-son/ms_057_2.jpg,mother-son
600,2,0,mother-son/ms_067_1.jpg,mother-son/ms_048_2.jpg,mother-son
601,2,0,mother-son/ms_105_1.jpg,mother-son/ms_049_2.jpg,mother-son
602,2,0,mother-son/ms_068_1.jpg,mother-son/ms_048_2.jpg,mother-son
603,2,0,mother-son/ms_053_1.jpg,mother-son/ms_044_2.jpg,mother-son
604,2,0,mother-son/ms_010_1.jpg,mother-son/ms_112_2.jpg,mother-son
605,2,0,mother-son/ms_048_1.jpg,mother-son/ms_087_2.jpg,mother-son
606,2,0,mother-son/ms_068_1.jpg,mother-son/ms_036_2.jpg,mother-son
607,2,0,mother-son/ms_069_1.jpg,mother-son/ms_048_2.jpg,mother-son
608,2,0,mother-son/ms_072_1.jpg,mother-son/ms_068_2.jpg,mother-son
609,2,0,mother-son/ms_069_1.jpg,mother-son/ms_102_2.jpg,mother-son
610,2,0,mother-son/ms_022_1.jpg,mother-son/ms_036_2.jpg,mother-son
611,2,0,mother-son/ms_048_1.jpg,mother-son/ms_087_2.jpg,mother-son
612,2,0,mother-son/ms_049_1.jpg,mother-son/ms_029_2.jpg,mother-son
613,2,0,mother-son/ms_010_1.jpg,mother-son/ms_075_2.jpg,mother-son
614,3,1,mother-son/ms_078_1.jpg,mother-son/ms_078_2.jpg,mother-son
615,3,1,mother-son/ms_033_1.jpg,mother-son/ms_033_2.jpg,mother-son
616,3,1,mother-son/ms_007_1.jpg,mother-son/ms_007_2.jpg,mother-son
617,3,1,mother-son/ms_115_1.jpg,mother-son/ms_115_2.jpg,mother-son
618,3,1,mother-son/ms_035_1.jpg,mother-son/ms_035_2.jpg,mother-son
619,3,1,mother-son/ms_098_1.jpg,mother-son/ms_098_2.jpg,mother-son
620,3,1,mother-son/ms_004_1.jpg,mother-son/ms_004_2.jpg,mother-son
621,3,1,mother-son/ms_061_1.jpg,mother-son/ms_061_2.jpg,mother-son
622,3,1,mother-son/ms_046_1.jpg,mother-son/ms_046_2.jpg,mother-son
623,3,1,mother-son/ms_103_1.jpg,mother-son/ms_103_2.jpg,mother-son
624,3,1,mother-son/ms_083_1.jpg,mother-son/ms_083_2.jpg,mother-son
625,3,1,mother-son/ms_038_1.jpg,mother-son/ms_038_2.jpg,mother-son
626,3,1,mother-son/ms_109_1.jpg,mother-son/ms_109_2.jpg,mother-son
627,3,1,mother-son/ms_070_1.jpg,mother-son/ms_070_2.jpg,mother-son
628,3,1,mother-son/ms_054_1.jpg,mother-son/ms_054_2.jpg,mother-son
629,3,1,mother-son/ms_077_1.jpg,mother-son/ms_077_2.jpg,mother-son
630,3,1,mother-son/ms_116_1.jpg,mother-son/ms_116_2.jpg,mother-son
631,3,1,mother-son/ms_074_1.jpg,mother-son/ms_074_2.jpg,mother-son
632,3,1,mother-son/ms_107_1.jpg,mother-son/ms_107_2.jpg,mother-son
633,3,1,mother-son/ms_101_1.jpg,mother-son/ms_101_2.jpg,mother-son
634,3,1,mother-son/ms_060_1.jpg,mother-son/ms_060_2.jpg,mother-son
635,3,1,mother-son/ms_028_1.jpg,mother-son/ms_028_2.jpg,mother-son
636,3,1,mother-son/ms_003_1.jpg,mother-son/ms_003_2.jpg,mother-son
637,3,0,mother-son/ms_103_1.jpg,mother-son/ms_035_2.jpg,mother-son
638,3,0,mother-son/ms_046_1.jpg,mother-son/ms_078_2.jpg,mother-son
639,3,0,mother-son/ms_103_1.jpg,mother-son/ms_074_2.jpg,mother-son
640,3,0,mother-son/ms_107_1.jpg,mother-son/ms_028_2.jpg,mother-son
641,3,0,mother-son/ms_101_1.jpg,mother-son/ms_046_2.jpg,mother-son
642,3,0,mother-son/ms_035_1.jpg,mother-son/ms_060_2.jpg,mother-son
643,3,0,mother-son/ms_098_1.jpg,mother-son/ms_109_2.jpg,mother-son
644,3,0,mother-son/ms_028_1.jpg,mother-son/ms_061_2.jpg,mother-son
645,3,0,mother-son/ms_077_1.jpg,mother-son/ms_103_2.jpg,mother-son
646,3,0,mother-son/ms_077_1.jpg,mother-son/ms_101_2.jpg,mother-son
647,3,0,mother-son/ms_116_1.jpg,mother-son/ms_038_2.jpg,mother-son
648,3,0,mother-son/ms_074_1.jpg,mother-son/ms_038_2.jpg,mother-son
649,3,0,mother-son/ms_035_1.jpg,mother-son/ms_116_2.jpg,mother-son
650,3,0,mother-son/ms_003_1.jpg,mother-son/ms_107_2.jpg,mother-son
651,3,0,mother-son/ms_116_1.jpg,mother-son/ms_038_2.jpg,mother-son
652,3,0,mother-son/ms_007_1.jpg,mother-son/ms_077_2.jpg,mother-son
653,3,0,mother-son/ms_046_1.jpg,mother-son/ms_115_2.jpg,mother-son
654,3,0,mother-son/ms_070_1.jpg,mother-son/ms_107_2.jpg,mother-son
655,3,0,mother-son/ms_077_1.jpg,mother-son/ms_003_2.jpg,mother-son
656,3,0,mother-son/ms_003_1.jpg,mother-son/ms_033_2.jpg,mother-son
657,3,0,mother-son/ms_046_1.jpg,mother-son/ms_109_2.jpg,mother-son
658,3,0,mother-son/ms_004_1.jpg,mother-son/ms_070_2.jpg,mother-son
659,3,0,mother-son/ms_033_1.jpg,mother-son/ms_070_2.jpg,mother-son
660,4,1,mother-son/ms_011_1.jpg,mother-son/ms_011_2.jpg,mother-son
661,4,1,mother-son/ms_080_1.jpg,mother-son/ms_080_2.jpg,mother-son
662,4,1,mother-son/ms_110_1.jpg,mother-son/ms_110_2.jpg,mother-son
663,4,1,mother-son/ms_064_1.jpg,mother-son/ms_064_2.jpg,mother-son
664,4,1,mother-son/ms_066_1.jpg,mother-son/ms_066_2.jpg,mother-son
665,4,1,mother-son/ms_096_1.jpg,mother-son/ms_096_2.jpg,mother-son
666,4,1,mother-son/ms_040_1.jpg,mother-son/ms_040_2.jpg,mother-son
667,4,1,mother-son/ms_114_1.jpg,mother-son/ms_114_2.jpg,mother-son
668,4,1,mother-son/ms_043_1.jpg,mother-son/ms_043_2.jpg,mother-son
669,4,1,mother-son/ms_052_1.jpg,mother-son/ms_052_2.jpg,mother-son
670,4,1,mother-son/ms_079_1.jpg,mother-son/ms_079_2.jpg,mother-son
671,4,1,mother-son/ms_056_1.jpg,mother-son/ms_056_2.jpg,mother-son
672,4,1,mother-son/ms_076_1.jpg,mother-son/ms_076_2.jpg,mother-son
673,4,1,mother-son/ms_047_1.jpg,mother-son/ms_047_2.jpg,mother-son
674,4,1,mother-son/ms_071_1.jpg,mother-son/ms_071_2.jpg,mother-son
675,4,1,mother-son/ms_090_1.jpg,mother-son/ms_090_2.jpg,mother-son
676,4,1,mother-son/ms_014_1.jpg,mother-son/ms_014_2.jpg,mother-son
677,4,1,mother-son/ms_032_1.jpg,mother-son/ms_032_2.jpg,mother-son
678,4,1,mother-son/ms_108_1.jpg,mother-son/ms_108_2.jpg,mother-son
679,4,1,mother-son/ms_006_1.jpg,mother-son/ms_006_2.jpg,mother-son
680,4,1,mother-son/ms_113_1.jpg,mother-son/ms_113_2.jpg,mother-son
681,4,1,mother-son/ms_012_1.jpg,mother-son/ms_012_2.jpg,mother-son
682,4,1,mother-son/ms_081_1.jpg,mother-son/ms_081_2.jpg,mother-son
683,4,0,mother-son/ms_014_1.jpg,mother-son/ms_081_2.jpg,mother-son
684,4,0,mother-son/ms_052_1.jpg,mother-son/ms_071_2.jpg,mother-son
685,4,0,mother-son/ms_108_1.jpg,mother-son/ms_080_2.jpg,mother-son
686,4,0,mother-son/ms_047_1.jpg,mother-son/ms_096_2.jpg,mother-son
687,4,0,mother-son/ms_113_1.jpg,mother-son/ms_056_2.jpg,mother-son
688,4,0,mother-son/ms_014_1.jpg,mother-son/ms_052_2.jpg,mother-son
689,4,0,mother-son/ms_081_1.jpg,mother-son/ms_080_2.jpg,mother-son
690,4,0,mother-son/ms_076_1.jpg,mother-son/ms_040_2.jpg,mother-son
691,4,0,mother-son/ms_006_1.jpg,mother-son/ms_114_2.jpg,mother-son
692,4,0,mother-son/ms_090_1.jpg,mother-son/ms_080_2.jpg,mother-son
693,4,0,mother-son/ms_043_1.jpg,mother-son/ms_056_2.jpg,mother-son
694,4,0,mother-son/ms_052_1.jpg,mother-son/ms_076_2.jpg,mother-son
695,4,0,mother-son/ms_071_1.jpg,mother-son/ms_110_2.jpg,mother-son
696,4,0,mother-son/ms_113_1.jpg,mother-son/ms_032_2.jpg,mother-son
697,4,0,mother-son/ms_090_1.jpg,mother-son/ms_066_2.jpg,mother-son
698,4,0,mother-son/ms_040_1.jpg,mother-son/ms_071_2.jpg,mother-son
699,4,0,mother-son/ms_076_1.jpg,mother-son/ms_080_2.jpg,mother-son
700,4,0,mother-son/ms_110_1.jpg,mother-son/ms_040_2.jpg,mother-son
701,4,0,mother-son/ms_113_1.jpg,mother-son/ms_047_2.jpg,mother-son
702,4,0,mother-son/ms_114_1.jpg,mother-son/ms_079_2.jpg,mother-son
703,4,0,mother-son/ms_047_1.jpg,mother-son/ms_064_2.jpg,mother-son
704,4,0,mother-son/ms_047_1.jpg,mother-son/ms_011_2.jpg,mother-son
705,4,0,mother-son/ms_108_1.jpg,mother-son/ms_071_2.jpg,mother-son
706,5,1,mother-son/ms_023_1.jpg,mother-son/ms_023_2.jpg,mother-son
707,5,1,mother-son/ms_065_1.jpg,mother-son/ms_065_2.jpg,mother-son
708,5,1,mother-son/ms_009_1.jpg,mother-son/ms_009_2.jpg,mother-son
709,5,1,mother-son/ms_063_1.jpg,mother-son/ms_063_2.jpg,mother-son
710,5,1,mother-son/ms_045_1.jpg,mother-son/ms_045_2.jpg,mother-son
711,5,1,mother-son/ms_041_1.jpg,mother-son/ms_041_2.jpg,mother-son
712,5,1,mother-son/ms_073_1.jpg,mother-son/ms_073_2.jpg,mother-son
713,5,1,mother-son/ms_037_1.jpg,mother-son/ms_037_2.jpg,mother-son
714,5,1,mother-son/ms_059_1.jpg,mother-son/ms_059_2.jpg,mother-son
715,5,1,mother-son/ms_058_1.jpg,mother-son/ms_058_2.jpg,mother-son
716,5,1,mother-son/ms_089_1.jpg,mother-son/ms_089_2.jpg,mother-son
717,5,1,mother-son/ms_084_1.jpg,mother-son/ms_084_2.jpg,mother-son
718,5,1,mother-son/ms_005_1.jpg,mother-son/ms_005_2.jpg,mother-son
719,5,1,mother-son/ms_020_1.jpg,mother-son/ms_020_2.jpg,mother-son
720,5,1,mother-son/ms_093_1.jpg,mother-son/ms_093_2.jpg,mother-son
721,5,1,mother-son/ms_062_1.jpg,mother-son/ms_062_2.jpg,mother-son
722,5,1,mother-son/ms_018_1.jpg,mother-son/ms_018_2.jpg,mother-son
723,5,1,mother-son/ms_013_1.jpg,mother-son/ms_013_2.jpg,mother-son
724,5,1,mother-son/ms_034_1.jpg,mother-son/ms_034_2.jpg,mother-son
725,5,1,mother-son/ms_017_1.jpg,mother-son/ms_017_2.jpg,mother-son
726,5,1,mother-son/ms_001_1.jpg,mother-son/ms_001_2.jpg,mother-son
727,5,1,mother-son/ms_082_1.jpg,mother-son/ms_082_2.jpg,mother-son
728,5,1,mother-son/ms_086_1.jpg,mother-son/ms_086_2.jpg,mother-son
729,5,1,mother-son/ms_100_1.jpg,mother-son/ms_100_2.jpg,mother-son
730,5,0,mother-son/ms_018_1.jpg,mother-son/ms_009_2.jpg,mother-son
731,5,0,mother-son/ms_063_1.jpg,mother-son/ms_017_2.jpg,mother-son
732,5,0,mother-son/ms_001_1.jpg,mother-son/ms_089_2.jpg,mother-son
733,5,0,mother-son/ms_086_1.jpg,mother-son/ms_063_2.jpg,mother-son
734,5,0,mother-son/ms_089_1.jpg,mother-son/ms_093_2.jpg,mother-son
735,5,0,mother-son/ms_086_1.jpg,mother-son/ms_062_2.jpg,mother-son
736,5,0,mother-son/ms_041_1.jpg,mother-son/ms_059_2.jpg,mother-son
737,5,0,mother-son/ms_045_1.jpg,mother-son/ms_084_2.jpg,mother-son
738,5,0,mother-son/ms_093_1.jpg,mother-son/ms_065_2.jpg,mother-son
739,5,0,mother-son/ms_037_1.jpg,mother-son/ms_093_2.jpg,mother-son
740,5,0,mother-son/ms_045_1.jpg,mother-son/ms_093_2.jpg,mother-son
741,5,0,mother-son/ms_041_1.jpg,mother-son/ms_093_2.jpg,mother-son
742,5,0,mother-son/ms_005_1.jpg,mother-son/ms_086_2.jpg,mother-son
743,5,0,mother-son/ms_073_1.jpg,mother-son/ms_058_2.jpg,mother-son
744,5,0,mother-son/ms_005_1.jpg,mother-son/ms_013_2.jpg,mother-son
745,5,0,mother-son/ms_037_1.jpg,mother-son/ms_009_2.jpg,mother-son
746,5,0,mother-son/ms_023_1.jpg,mother-son/ms_062_2.jpg,mother-son
747,5,0,mother-son/ms_013_1.jpg,mother-son/ms_073_2.jpg,mother-son
748,5,0,mother-son/ms_073_1.jpg,mother-son/ms_013_2.jpg,mother-son
749,5,0,mother-son/ms_034_1.jpg,mother-son/ms_100_2.jpg,mother-son
750,5,0,mother-son/ms_084_1.jpg,mother-son/ms_082_2.jpg,mother-son
751,5,0,mother-son/ms_089_1.jpg,mother-son/ms_017_2.jpg,mother-son
752,5,0,mother-son/ms_017_1.jpg,mother-son/ms_063_2.jpg,mother-son
753,5,0,mother-son/ms_058_1.jpg,mother-son/ms_005_2.jpg,mother-son
754,1,1,father-son/fs_024_1.jpg,father-son/fs_024_2.jpg,father-son
755,1,1,father-son/fs_092_1.jpg,father-son/fs_092_2.jpg,father-son
756,1,1,father-son/fs_155_1.jpg,father-son/fs_155_2.jpg,father-son
757,1,1,father-son/fs_124_1.jpg,father-son/fs_124_2.jpg,father-son
758,1,1,father-son/fs_031_1.jpg,father-son/fs_031_2.jpg,father-son
759,1,1,father-son/fs_008_1.jpg,father-son/fs_008_2.jpg,father-son
760,1,1,father-son/fs_042_1.jpg,father-son/fs_042_2.jpg,father-son
761,1,1,father-son/fs_153_1.jpg,father-son/fs_153_2.jpg,father-son
762,1,1,father-son/fs_152_1.jpg,father-son/fs_152_2.jpg,father-son
763,1,1,father-son/fs_120_1.jpg,father-son/fs_120_2.jpg,father-son
764,1,1,father-son/fs_021_1.jpg,father-son/fs_021_2.jpg,father-son
765,1,1,father-son/fs_118_1.jpg,father-son/fs_118_2.jpg,father-son
766,1,1,father-son/fs_099_1.jpg,father-son/fs_099_2.jpg,father-son
767,1,1,father-son/fs_145_1.jpg,father-son/fs_145_2.jpg,father-son
768,1,1,father-son/fs_091_1.jpg,father-son/fs_091_2.jpg,father-son
769,1,1,father-son/fs_025_1.jpg,father-son/fs_025_2.jpg,father-son
770,1,1,father-son/fs_055_1.jpg,father-son/fs_055_2.jpg,father-son
771,1,1,father-son/fs_085_1.jpg,father-son/fs_085_2.jpg,father-son
772,1,1,father-son/fs_015_1.jpg,father-son/fs_015_2.jpg,father-son
773,1,1,father-son/fs_050_1.jpg,father-son/fs_050_2.jpg,father-son
774,1,1,father-son/fs_051_1.jpg,father-son/fs_051_2.jpg,father-son
775,1,1,father-son/fs_027_1.jpg,father-son/fs_027_2.jpg,father-son
776,1,1,father-son/fs_030_1.jpg,father-son/fs_030_2.jpg,father-son
777,1,1,father-son/fs_094_1.jpg,father-son/fs_094_2.jpg,father-son
778,1,1,father-son/fs_039_1.jpg,father-son/fs_039_2.jpg,father-son
779,1,1,father-son/fs_026_1.jpg,father-son/fs_026_2.jpg,father-son
780,1,1,father-son/fs_146_1.jpg,father-son/fs_146_2.jpg,father-son
781,1,1,father-son/fs_111_1.jpg,father-son/fs_111_2.jpg,father-son
782,1,1,father-son/fs_142_1.jpg,father-son/fs_142_2.jpg,father-son
783,1,1,father-son/fs_131_1.jpg,father-son/fs_131_2.jpg,father-son
784,1,1,father-son/fs_106_1.jpg,father-son/fs_106_2.jpg,father-son
785,1,0,father-son/fs_027_1.jpg,father-son/fs_155_2.jpg,father-son
786,1,0,father-son/fs_092_1.jpg,father-son/fs_015_2.jpg,father-son
787,1,0,father-son/fs_015_1.jpg,father-son/fs_024_2.jpg,father-son
788,1,0,father-son/fs_024_1.jpg,father-son/fs_008_2.jpg,father-son
789,1,0,father-son/fs_015_1.jpg,father-son/fs_092_2.jpg,father-son
790,1,0,father-son/fs_118_1.jpg,father-son/fs_050_2.jpg,father-son
791,1,0,father-son/fs_155_1.jpg,father-son/fs_091_2.jpg,father-son
792,1,0,father-son/fs_145_1.jpg,father-son/fs_021_2.jpg,father-son
793,1,0,father-son/fs_031_1.jpg,father-son/fs_051_2.jpg,father-son
794,1,0,father-son/fs_091_1.jpg,father-son/fs_085_2.jpg,father-son
795,1,0,father-son/fs_124_1.jpg,father-son/fs_145_2.jpg,father-son
796,1,0,father-son/fs_030_1.jpg,father-son/fs_111_2.jpg,father-son
797,1,0,father-son/fs_146_1.jpg,father-son/fs_153_2.jpg,father-son
798,1,0,father-son/fs_039_1.jpg,father-son/fs_142_2.jpg,father-son
799,1,0,father-son/fs_050_1.jpg,father-son/fs_008_2.jpg,father-son
800,1,0,father-son/fs_146_1.jpg,father-son/fs_008_2.jpg,father-son
801,1,0,father-son/fs_008_1.jpg,father-son/fs_106_2.jpg,father-son
802,1,0,father-son/fs_145_1.jpg,father-son/fs_021_2.jpg,father-son
803,1,0,father-son/fs_099_1.jpg,father-son/fs_015_2.jpg,father-son
804,1,0,father-son/fs_091_1.jpg,father-son/fs_146_2.jpg,father-son
805,1,0,father-son/fs_142_1.jpg,father-son/fs_152_2.jpg,father-son
806,1,0,father-son/fs_031_1.jpg,father-son/fs_111_2.jpg,father-son
807,1,0,father-son/fs_153_1.jpg,father-son/fs_051_2.jpg,father-son
808,1,0,father-son/fs_131_1.jpg,father-son/fs_051_2.jpg,father-son
809,1,0,father-son/fs_146_1.jpg,father-son/fs_024_2.jpg,father-son
810,1,0,father-son/fs_031_1.jpg,father-son/fs_026_2.jpg,father-son
811,1,0,father-son/fs_145_1.jpg,father-son/fs_111_2.jpg,father-son
812,1,0,father-son/fs_021_1.jpg,father-son/fs_008_2.jpg,father-son
813,1,0,father-son/fs_145_1.jpg,father-son/fs_146_2.jpg,father-son
814,1,0,father-son/fs_025_1.jpg,father-son/fs_026_2.jpg,father-son
815,1,0,father-son/fs_111_1.jpg,father-son/fs_024_2.jpg,father-son
816,2,1,father-son/fs_002_1.jpg,father-son/fs_002_2.jpg,father-son
817,2,1,father-son/fs_088_1.jpg,father-son/fs_088_2.jpg,father-son
818,2,1,father-son/fs_138_1.jpg,father-son/fs_138_2.jpg,father-son
819,2,1,father-son/fs_087_1.jpg,father-son/fs_087_2.jpg,father-son
820,2,1,father-son/fs_029_1.jpg,father-son/fs_029_2.jpg,father-son
821,2,1,father-son/fs_097_1.jpg,father-son/fs_097_2.jpg,father-son
822,2,1,father-son/fs_068_1.jpg,father-son/fs_068_2.jpg,father-son
823,2,1,father-son/fs_095_1.jpg,father-son/fs_095_2.jpg,father-son
824,2,1,father-son/fs_053_1.jpg,father-son/fs_053_2.jpg,father-son
825,2,1,father-son/fs_049_1.jpg,father-son/fs_049_2.jpg,father-son
826,2,1,father-son/fs_122_1.jpg,father-son/fs_122_2.jpg,father-son
827,2,1,father-son/fs_072_1.jpg,father-son/fs_072_2.jpg,father-son
828,2,1,father-son/fs_154_1.jpg,father-son/fs_154_2.jpg,father-son
829,2,1,father-son/fs_133_1.jpg,father-son/fs_133_2.jpg,father-son
830,2,1,father-son/fs_104_1.jpg,father-son/fs_104_2.jpg,father-son
831,2,1,father-son/fs_069_1.jpg,father-son/fs_069_2.jpg,father-son
832,2,1,father-son/fs_067_1.jpg,father-son/fs_067_2.jpg,father-son
833,2,1,father-son/fs_022_1.jpg,father-son/fs_022_2.jpg,father-son
834,2,1,father-son/fs_075_1.jpg,father-son/fs_075_2.jpg,father-son
835,2,1,father-son/fs_149_1.jpg,father-son/fs_149_2.jpg,father-son
836,2,1,father-son/fs_057_1.jpg,father-son/fs_057_2.jpg,father-son
837,2,1,father-son/fs_044_1.jpg,father-son/fs_044_2.jpg,father-son
838,2,1,father-son/fs_112_1.jpg,father-son/fs_112_2.jpg,father-son
839,2,1,father-son/fs_156_1.jpg,father-son/fs_156_2.jpg,father-son
840,2,1,father-son/fs_016_1.jpg,father-son/fs_016_2.jpg,father-son
841,2,1,father-son/fs_019_1.jpg,father-son/fs_019_2.jpg,father-son
842,2,1,father-son/fs_136_1.jpg,father-son/fs_136_2.jpg,father-son
843,2,1,father-son/fs_121_1.jpg,father-son/fs_121_2.jpg,father-son
844,2,1,father-son/fs_036_1.jpg,father-son/fs_036_2.jpg,father-son
845,2,1,father-son/fs_102_1.jpg,father-son/fs_102_2.jpg,father-son
846,2,1,father-son/fs_048_1.jpg,father-son/fs_048_2.jpg,father-son
847,2,0,father-son/fs_049_1.jpg,father-son/fs_088_2.jpg,father-son
848,2,0,father-son/fs_048_1.jpg,father-son/fs_022_2.jpg,father-son
849,2,0,father-son/fs_154_1.jpg,father-son/fs_068_2.jpg,father-son
850,2,0,father-son/fs_149_1.jpg,father-son/fs_112_2.jpg,father-son
851,2,0,father-son/fs_072_1.jpg,father-son/fs_002_2.jpg,father-son
852,2,0,father-son/fs_133_1.jpg,father-son/fs_156_2.jpg,father-son
853,2,0,father-son/fs_016_1.jpg,father-son/fs_036_2.jpg,father-son
854,2,0,father-son/fs_136_1.jpg,father-son/fs_072_2.jpg,father-son
855,2,0,father-son/fs_149_1.jpg,father-son/fs_112_2.jpg,father-son
856,2,0,father-son/fs_068_1.jpg,father-son/fs_036_2.jpg,father-son
857,2,0,father-son/fs_095_1.jpg,father-son/fs_022_2.jpg,father-son
858,2,0,father-son/fs_036_1.jpg,father-son/fs_122_2.jpg,father-son
859,2,0,father-son/fs_057_1.jpg,father-son/fs_154_2.jpg,father-son
860,2,0,father-son/fs_057_1.jpg,father-son/fs_019_2.jpg,father-son
861,2,0,father-son/fs_112_1.jpg,father-son/fs_069_2.jpg,father-son
862,2,0,father-son/fs_016_1.jpg,father-son/fs_069_2.jpg,father-son
863,2,0,father-son/fs_097_1.jpg,father-son/fs_044_2.jpg,father-son
864,2,0,father-son/fs_048_1.jpg,father-son/fs_019_2.jpg,father-son
865,2,0,father-son/fs_044_1.jpg,father-son/fs_069_2.jpg,father-son
866,2,0,father-son/fs_087_1.jpg,father-son/fs_057_2.jpg,father-son
867,2,0,father-son/fs_072_1.jpg,father-son/fs_029_2.jpg,father-son
868,2,0,father-son/fs_022_1.jpg,father-son/fs_019_2.jpg,father-son
869,2,0,father-son/fs_057_1.jpg,father-son/fs_048_2.jpg,father-son
870,2,0,father-son/fs_102_1.jpg,father-son/fs_088_2.jpg,father-son
871,2,0,father-son/fs_072_1.jpg,father-son/fs_022_2.jpg,father-son
872,2,0,father-son/fs_053_1.jpg,father-son/fs_075_2.jpg,father-son
873,2,0,father-son/fs_088_1.jpg,father-son/fs_022_2.jpg,father-son
874,2,0,father-son/fs_044_1.jpg,father-son/fs_102_2.jpg,father-son
875,2,0,father-son/fs_133_1.jpg,father-son/fs_149_2.jpg,father-son
876,2,0,father-son/fs_016_1.jpg,father-son/fs_138_2.jpg,father-son
877,2,0,father-son/fs_075_1.jpg,father-son/fs_095_2.jpg,father-son
878,3,1,father-son/fs_105_1.jpg,father-son/fs_105_2.jpg,father-son
879,3,1,father-son/fs_129_1.jpg,father-son/fs_129_2.jpg,father-son
880,3,1,father-son/fs_139_1.jpg,father-son/fs_139_2.jpg,father-son
881,3,1,father-son/fs_010_1.jpg,father-son/fs_010_2.jpg,father-son
882,3,1,father-son/fs_078_1.jpg,father-son/fs_078_2.jpg,father-son
883,3,1,father-son/fs_033_1.jpg,father-son/fs_033_2.jpg,father-son
884,3,1,father-son/fs_151_1.jpg,father-son/fs_151_2.jpg,father-son
885,3,1,father-son/fs_007_1.jpg,father-son/fs_007_2.jpg,father-son
886,3,1,father-son/fs_115_1.jpg,father-son/fs_115_2.jpg,father-son
887,3,1,father-son/fs_035_1.jpg,father-son/fs_035_2.jpg,father-son
888,3,1,father-son/fs_098_1.jpg,father-son/fs_098_2.jpg,father-son
889,3,1,father-son/fs_004_1.jpg,father-son/fs_004_2.jpg,father-son
890,3,1,father-son/fs_061_1.jpg,father-son/fs_061_2.jpg,father-son
891,3,1,father-son/fs_130_1.jpg,father-son/fs_130_2.jpg,father-son
892,3,1,father-son/fs_046_1.jpg,father-son/fs_046_2.jpg,father-son
893,3,1,father-son/fs_103_1.jpg,father-son/fs_103_2.jpg,father-son
894,3,1,father-son/fs_083_1.jpg,father-son/fs_083_2.jpg,father-son
895,3,1,father-son/fs_038_1.jpg,father-son/fs_038_2.jpg,father-son
896,3,1,father-son/fs_109_1.jpg,father-son/fs_109_2.jpg,father-son
897,3,1,father-son/fs_070_1.jpg,father-son/fs_070_2.jpg,father-son
898,3,1,father-son/fs_054_1.jpg,father-son/fs_054_2.jpg,father-son
899,3,1,father-son/fs_077_1.jpg,father-son/fs_077_2.jpg,father-son
900,3,1,father-son/fs_116_1.jpg,father-son/fs_116_2.jpg,father-son
901,3,1,father-son/fs_074_1.jpg,father-son/fs_074_2.jpg,father-son
902,3,1,father-son/fs_150_1.jpg,father-son/fs_150_2.jpg,father-son
903,3,1,father-son/fs_107_1.jpg,father-son/fs_107_2.jpg,father-son
904,3,1,father-son/fs_101_1.jpg,father-son/fs_101_2.jpg,father-son
905,3,1,father-son/fs_060_1.jpg,father-son/fs_060_2.jpg,father-son
906,3,1,father-son/fs_119_1.jpg,father-son/fs_119_2.jpg,father-son
907,3,1,father-son/fs_028_1.jpg,father-son/fs_028_2.jpg,father-son
908,3,1,father-son/fs_003_1.jpg,father-son/fs_003_2.jpg,father-son
909,3,0,father-son/fs_060_1.jpg,father-son/fs_103_2.jpg,father-son
910,3,0,father-son/fs_116_1.jpg,father-son/fs_130_2.jpg,father-son
911,3,0,father-son/fs_028_1.jpg,father-son/fs_139_2.jpg,father-son
912,3,0,father-son/fs_038_1.jpg,father-son/fs_035_2.jpg,father-son
913,3,0,father-son/fs_101_1.jpg,father-son/fs_098_2.jpg,father-son
914,3,0,father-son/fs_077_1.jpg,father-son/fs_129_2.jpg,father-son
915,3,0,father-son/fs_004_1.jpg,father-son/fs_103_2.jpg,father-son
916,3,0,father-son/fs_130_1.jpg,father-son/fs_038_2.jpg,father-son
917,3,0,father-son/fs_070_1.jpg,father-son/fs_010_2.jpg,father-son
918,3,0,father-son/fs_060_1.jpg,father-son/fs_074_2.jpg,father-son
919,3,0,father-son/fs_054_1.jpg,father-son/fs_151_2.jpg,father-son
920,3,0,father-son/fs_115_1.jpg,father-son/fs_070_2.jpg,father-son
921,3,0,father-son/fs_083_1.jpg,father-son/fs_129_2.jpg,father-son
922,3,0,father-son/fs_139_1.jpg,father-son/fs_115_2.jpg,father-son
923,3,0,father-son/fs_119_1.jpg,father-son/fs_109_2.jpg,father-son
924,3,0,father-son/fs_098_1.jpg,father-son/fs_046_2.jpg,father-son
925,3,0,father-son/fs_109_1.jpg,father-son/fs_033_2.jpg,father-son
926,3,0,father-son/fs_107_1.jpg,father-son/fs_028_2.jpg,father-son
927,3,0,father-son/fs_109_1.jpg,father-son/fs_105_2.jpg,father-son
928,3,0,father-son/fs_107_1.jpg,father-son/fs_109_2.jpg,father-son
929,3,0,father-son/fs_077_1.jpg,father-son/fs_139_2.jpg,father-son
930,3,0,father-son/fs_033_1.jpg,father-son/fs_107_2.jpg,father-son
931,3,0,father-son/fs_107_1.jpg,father-son/fs_046_2.jpg,father-son
932,3,0,father-son/fs_028_1.jpg,father-son/fs_078_2.jpg,father-son
933,3,0,father-son/fs_101_1.jpg,father-son/fs_074_2.jpg,father-son
934,3,0,father-son/fs_130_1.jpg,father-son/fs_070_2.jpg,father-son
935,3,0,father-son/fs_028_1.jpg,father-son/fs_070_2.jpg,father-son
936,3,0,father-son/fs_007_1.jpg,father-son/fs_098_2.jpg,father-son
937,3,0,father-son/fs_033_1.jpg,father-son/fs_103_2.jpg,father-son
938,3,0,father-son/fs_109_1.jpg,father-son/fs_139_2.jpg,father-son
939,3,0,father-son/fs_035_1.jpg,father-son/fs_109_2.jpg,father-son
940,4,1,father-son/fs_147_1.jpg,father-son/fs_147_2.jpg,father-son
941,4,1,father-son/fs_011_1.jpg,father-son/fs_011_2.jpg,father-son
942,4,1,father-son/fs_080_1.jpg,father-son/fs_080_2.jpg,father-son
943,4,1,father-son/fs_144_1.jpg,father-son/fs_144_2.jpg,father-son
944,4,1,father-son/fs_148_1.jpg,father-son/fs_148_2.jpg,father-son
945,4,1,father-son/fs_110_1.jpg,father-son/fs_110_2.jpg,father-son
946,4,1,father-son/fs_132_1.jpg,father-son/fs_132_2.jpg,father-son
947,4,1,father-son/fs_064_1.jpg,father-son/fs_064_2.jpg,father-son
948,4,1,father-son/fs_066_1.jpg,father-son/fs_066_2.jpg,father-son
949,4,1,father-son/fs_096_1.jpg,father-son/fs_096_2.jpg,father-son
950,4,1,father-son/fs_040_1.jpg,father-son/fs_040_2.jpg,father-son
951,4,1,father-son/fs_114_1.jpg,father-son/fs_114_2.jpg,father-son
952,4,1,father-son/fs_043_1.jpg,father-son/fs_043_2.jpg,father-son
953,4,1,father-son/fs_052_1.jpg,father-son/fs_052_2.jpg,father-son
954,4,1,father-son/fs_141_1.jpg,father-son/fs_141_2.jpg,father-son
955,4,1,father-son/fs_079_1.jpg,father-son/fs_079_2.jpg,father-son
956,4,1,father-son/fs_056_1.jpg,father-son/fs_056_2.jpg,father-son
957,4,1,father-son/fs_076_1.jpg,father-son/fs_076_2.jpg,father-son
958,4,1,father-son/fs_047_1.jpg,father-son/fs_047_2.jpg,father-son
959,4,1,father-son/fs_135_1.jpg,father-son/fs_135_2.jpg,father-son
960,4,1,father-son/fs_071_1.jpg,father-son/fs_071_2.jpg,father-son
961,4,1,father-son/fs_090_1.jpg,father-son/fs_090_2.jpg,father-son
962,4,1,father-son/fs_014_1.jpg,father-son/fs_014_2.jpg,father-son
963,4,1,father-son/fs_137_1.jpg,father-son/fs_137_2.jpg,father-son
964,4,1,father-son/fs_032_1.jpg,father-son/fs_032_2.jpg,father-son
965,4,1,father-son/fs_108_1.jpg,father-son/fs_108_2.jpg,father-son
966,4,1,father-son/fs_006_1.jpg,father-son/fs_006_2.jpg,father-son
967,4,1,father-son/fs_125_1.jpg,father-son/fs_125_2.jpg,father-son
968,4,1,father-son/fs_113_1.jpg,father-son/fs_113_2.jpg,father-son
969,4,1,father-son/fs_128_1.jpg,father-son/fs_128_2.jpg,father-son
970,4,1,father-son/fs_012_1.jpg,father-son/fs_012_2.jpg,father-son
971,4,0,father-son/fs_110_1.jpg,father-son/fs_135_2.jpg,father-son
972,4,0,father-son/fs_064_1.jpg,father-son/fs_047_2.jpg,father-son
973,4,0,father-son/fs_056_1.jpg,father-son/fs_128_2.jpg,father-son
974,4,0,father-son/fs_096_1.jpg,father-son/fs_043_2.jpg,father-son
975,4,0,father-son/fs_066_1.jpg,father-son/fs_043_2.jpg,father-son
976,4,0,father-son/fs_079_1.jpg,father-son/fs_014_2.jpg,father-son
977,4,0,father-son/fs_096_1.jpg,father-son/fs_144_2.jpg,father-son
978,4,0,father-son/fs_147_1.jpg,father-son/fs_071_2.jpg,father-son
979,4,0,father-son/fs_014_1.jpg,father-son/fs_066_2.jpg,father-son
980,4,0,father-son/fs_066_1.jpg,father-son/fs_090_2.jpg,father-son
981,4,0,father-son/fs_032_1.jpg,father-son/fs_012_2.jpg,father-son
982,4,0,father-son/fs_141_1.jpg,father-son/fs_125_2.jpg,father-son
983,4,0,father-son/fs_052_1.jpg,father-son/fs_032_2.jpg,father-son
984,4,0,father-son/fs_108_1.jpg,father-son/fs_110_2.jpg,father-son
985,4,0,father-son/fs_043_1.jpg,father-son/fs_056_2.jpg,father-son
986,4,0,father-son/fs_014_1.jpg,father-son/fs_076_2.jpg,father-son
987,4,0,father-son/fs_080_1.jpg,father-son/fs_052_2.jpg,father-son
988,4,0,father-son/fs_006_1.jpg,father-son/fs_137_2.jpg,father-son
989,4,0,father-son/fs_128_1.jpg,father-son/fs_076_2.jpg,father-son
990,4,0,father-son/fs_147_1.jpg,father-son/fs_047_2.jpg,father-son
991,4,0,father-son/fs_108_1.jpg,father-son/fs_012_2.jpg,father-son
992,4,0,father-son/fs_132_1.jpg,father-son/fs_090_2.jpg,father-son
993,4,0,father-son/fs_056_1.jpg,father-son/fs_113_2.jpg,father-son
994,4,0,father-son/fs_014_1.jpg,father-son/fs_064_2.jpg,father-son
995,4,0,father-son/fs_052_1.jpg,father-son/fs_110_2.jpg,father-son
996,4,0,father-son/fs_012_1.jpg,father-son/fs_114_2.jpg,father-son
997,4,0,father-son/fs_011_1.jpg,father-son/fs_137_2.jpg,father-son
998,4,0,father-son/fs_125_1.jpg,father-son/fs_066_2.jpg,father-son
999,4,0,father-son/fs_064_1.jpg,father-son/fs_113_2.jpg,father-son
1000,4,0,father-son/fs_148_1.jpg,father-son/fs_128_2.jpg,father-son
1001,4,0,father-son/fs_090_1.jpg,father-son/fs_006_2.jpg,father-son
1002,5,1,father-son/fs_117_1.jpg,father-son/fs_117_2.jpg,father-son
1003,5,1,father-son/fs_081_1.jpg,father-son/fs_081_2.jpg,father-son
1004,5,1,father-son/fs_023_1.jpg,father-son/fs_023_2.jpg,father-son
1005,5,1,father-son/fs_065_1.jpg,father-son/fs_065_2.jpg,father-son
1006,5,1,father-son/fs_009_1.jpg,father-son/fs_009_2.jpg,father-son
1007,5,1,father-son/fs_063_1.jpg,father-son/fs_063_2.jpg,father-son
1008,5,1,father-son/fs_045_1.jpg,father-son/fs_045_2.jpg,father-son
1009,5,1,father-son/fs_041_1.jpg,father-son/fs_041_2.jpg,father-son
1010,5,1,father-son/fs_073_1.jpg,father-son/fs_073_2.jpg,father-son
1011,5,1,father-son/fs_143_1.jpg,father-son/fs_143_2.jpg,father-son
1012,5,1,father-son/fs_037_1.jpg,father-son/fs_037_2.jpg,father-son
1013,5,1,father-son/fs_059_1.jpg,father-son/fs_059_2.jpg,father-son
1014,5,1,father-son/fs_058_1.jpg,father-son/fs_058_2.jpg,father-son
1015,5,1,father-son/fs_123_1.jpg,father-son/fs_123_2.jpg,father-son
1016,5,1,father-son/fs_089_1.jpg,father-son/fs_089_2.jpg,father-son
1017,5,1,father-son/fs_084_1.jpg,father-son/fs_084_2.jpg,father-son
1018,5,1,father-son/fs_005_1.jpg,father-son/fs_005_2.jpg,father-son
1019,5,1,father-son/fs_020_1.jpg,father-son/fs_020_2.jpg,father-son
1020,5,1,father-son/fs_093_1.jpg,father-son/fs_093_2.jpg,father-son
1021,5,1,father-son/fs_062_1.jpg,father-son/fs_062_2.jpg,father-son
1022,5,1,father-son/fs_018_1.jpg,father-son/fs_018_2.jpg,father-son
1023,5,1,father-son/fs_013_1.jpg,father-son/fs_013_2.jpg,father-son
1024,5,1,father-son/fs_034_1.jpg,father-son/fs_034_2.jpg,father-son
1025,5,1,father-son/fs_140_1.jpg,father-son/fs_140_2.jpg,father-son
1026,5,1,father-son/fs_017_1.jpg,father-son/fs_017_2.jpg,father-son
1027,5,1,father-son/fs_001_1.jpg,father-son/fs_001_2.jpg,father-son
1028,5,1,father-son/fs_082_1.jpg,father-son/fs_082_2.jpg,father-son
1029,5,1,father-son/fs_134_1.jpg,father-son/fs_134_2.jpg,father-son
1030,5,1,father-son/fs_126_1.jpg,father-son/fs_126_2.jpg,father-son
1031,5,1,father-son/fs_086_1.jpg,father-son/fs_086_2.jpg,father-son
1032,5,1,father-son/fs_100_1.jpg,father-son/fs_100_2.jpg,father-son
1033,5,1,father-son/fs_127_1.jpg,father-son/fs_127_2.jpg,father-son
1034,5,0,father-son/fs_045_1.jpg,father-son/fs_089_2.jpg,father-son
1035,5,0,father-son/fs_023_1.jpg,father-son/fs_134_2.jpg,father-son
1036,5,0,father-son/fs_020_1.jpg,father-son/fs_037_2.jpg,father-son
1037,5,0,father-son/fs_059_1.jpg,father-son/fs_134_2.jpg,father-son
1038,5,0,father-son/fs_059_1.jpg,father-son/fs_023_2.jpg,father-son
1039,5,0,father-son/fs_045_1.jpg,father-son/fs_081_2.jpg,father-son
1040,5,0,father-son/fs_093_1.jpg,father-son/fs_065_2.jpg,father-son
1041,5,0,father-son/fs_005_1.jpg,father-son/fs_065_2.jpg,father-son
1042,5,0,father-son/fs_017_1.jpg,father-son/fs_058_2.jpg,father-son
1043,5,0,father-son/fs_082_1.jpg,father-son/fs_081_2.jpg,father-son
1044,5,0,father-son/fs_062_1.jpg,father-son/fs_100_2.jpg,father-son
1045,5,0,father-son/fs_143_1.jpg,father-son/fs_126_2.jpg,father-son
1046,5,0,father-son/fs_041_1.jpg,father-son/fs_086_2.jpg,father-son
1047,5,0,father-son/fs_023_1.jpg,father-son/fs_073_2.jpg,father-son
1048,5,0,father-son/fs_127_1.jpg,father-son/fs_045_2.jpg,father-son
1049,5,0,father-son/fs_084_1.jpg,father-son/fs_143_2.jpg,father-son
1050,5,0,father-son/fs_013_1.jpg,father-son/fs_100_2.jpg,father-son
1051,5,0,father-son/fs_017_1.jpg,father-son/fs_013_2.jpg,father-son
1052,5,0,father-son/fs_117_1.jpg,father-son/fs_143_2.jpg,father-son
1053,5,0,father-son/fs_082_1.jpg,father-son/fs_127_2.jpg,father-son
1054,5,0,father-son/fs_117_1.jpg,father-son/fs_082_2.jpg,father-son
1055,5,0,father-son/fs_041_1.jpg,father-son/fs_082_2.jpg,father-son
1056,5,0,father-son/fs_073_1.jpg,father-son/fs_017_2.jpg,father-son
1057,5,0,father-son/fs_013_1.jpg,father-son/fs_045_2.jpg,father-son
1058,5,0,father-son/fs_013_1.jpg,father-son/fs_063_2.jpg,father-son
1059,5,0,father-son/fs_018_1.jpg,father-son/fs_063_2.jpg,father-son
1060,5,0,father-son/fs_126_1.jpg,father-son/fs_117_2.jpg,father-son
1061,5,0,father-son/fs_143_1.jpg,father-son/fs_017_2.jpg,father-son
1062,5,0,father-son/fs_143_1.jpg,father-son/fs_086_2.jpg,father-son
1063,5,0,father-son/fs_013_1.jpg,father-son/fs_023_2.jpg,father-son
1064,5,0,father-son/fs_041_1.jpg,father-son/fs_005_2.jpg,father-son
1065,5,0,father-son/fs_089_1.jpg,father-son/fs_034_2.jpg,father-son
